sample_idx,x1,x2,x3,x4,x5,slack1,slack2
1,-1.31174599887491,2.4805210746738,-0.239788632064246,0.188396704926908,1.16877507579889,93.5155416334752,2.97076383300345e-07
2,-1.30599369034217,2.7224430807328,0.409304146406049,-0.41627586689109,1.41644939039064,2.716163651862e-07,2.57806654441074e-07
3,-2.52790066194371,2.76488450166602,-0.208483071848808,-0.0281570251623863,0.236983839722309,3.53607096151714e-07,2.84981485236549e-07
4,-1.43665640403064,2.64498810868677,-0.462252683032567,-0.348389362069524,1.20833170465612,3.62043311854924e-07,2.06048052092986e-07
5,-1.06249904566088,2.42851400344641,0.15579627989972,-0.116277825280546,1.36601495778553,3.02719729367319e-07,3.54262218028088e-07
6,-1.32103058190807,2.76553411249921,-0.237119298010674,0.265432216744772,1.44450353059114,2.2698027724754e-07,1.88652192425808e-07
7,-1.70943378931667,2.6199678085075,-0.427031667074312,-0.308706825797893,0.91053401919083,1.69696698649471e-07,3.83331335429069e-07
8,-0.815816946820092,2.61267180525854,-0.181824790491297,0.454617371504054,1.79685485843845,1693.17174326927,59.9278221577072
9,-0.882843134184752,2.48032504041287,-0.189852778909198,-0.266151630914522,1.59748190622812,2.8041062099638e-07,2.14810425700924e-07
10,-1.43990343174956,2.57201484351658,-0.190518420805133,-0.432326463342017,1.13211141176702,4.30342000560435e-07,3.90888805534948e-07
11,-2.05275232790298,2.73706170863463,-0.27650568574416,-0.266852696381913,0.684309380731651,1.6251053725708e-07,3.78718626698165e-07
12,-2.02670711920039,2.75764007300655,0.475604968589112,-0.24825553571747,0.730932953806155,2.85630781112125e-07,1.92773016911055e-07
13,-0.804134082931503,2.50605064276487,0.1464017366658,-0.20869719129485,1.70191655983337,920.53734076307,5.75838280677472e-07
14,-2.56852780698915,2.77780953772779,0.10102587748869,-0.284133602340511,0.209281730738638,224.679655234211,2.58379235446613e-07
15,-2.39503766786455,2.72637299927317,0.0239931674646672,0.047967796793928,0.331335331408624,3.64832623957324e-07,3.36942278750321e-07
16,-0.776203558130274,2.35349840953592,0.120278817100843,-0.443052051301552,1.57729485140565,4.00413400811362e-07,4.08269141364387e-07
17,-1.58745869495817,2.52930096758236,-0.409681439700927,0.153943672179926,0.941842272624187,3.23694578130194e-07,3.13102143153608e-07
18,-0.938786055216224,2.66538976763723,-0.453420057913458,-0.232792723243431,1.72660371242101,244.72560918569,3.39017808282917e-07
19,-0.677050632590468,2.07069961341543,0.350298736571792,0.0149824036958058,1.39364898082496,1980.67842131819,2.95950374969363e-07
20,-0.852817614804176,2.56413244367455,0.371187046350318,0.18587245523144,1.71131482887037,564.228773735575,4.16262041199822e-07
21,-1.82621206113259,2.61569717287285,-0.209256134109326,0.342588379433667,0.789485111740262,3.66331998695413e-07,2.20338555369573e-07
22,-0.813847780611057,2.38539584497163,0.114770953156262,0.305503111259863,1.57154806436057,48.8563891598611,2.40573993793947e-07
23,-0.823639893826853,2.44441490117458,0.153602952535226,-0.176060879839284,1.62077500734772,2.85949083194378e-07,2.20299620099398e-07
24,-0.860279303560866,2.48221172427813,0.0388193672496691,0.483162289911408,1.62193242071726,4.31639512320699e-07,2.26876618137742e-07
25,-1.38243212598604,2.61738634328205,-0.428793282458767,-0.382093688179716,1.23495421729602,3.71525229451278e-07,2.11876550878444e-07
26,-2.17170310900258,2.80115455209241,0.227397293845952,0.121883161454933,0.629451443089831,51.219994150553,6.55494333576483
27,-1.11618371113177,2.57679868230356,0.126463855254056,-0.0813948143280849,1.46061497117179,3.17357063109592e-07,2.8787775900899e-07
28,-1.18298513729317,2.67937947794852,-0.0921399744090866,-0.207403556376057,1.49639434065536,2.57038693768338e-07,4.00586833566753e-07
29,-1.58028934131385,2.69100547268859,0.205034522263333,0.0517900635794957,1.11071613137474,2.36477634726892e-07,2.43424498344509e-07
30,-1.64504610329383,2.63002032266095,-0.215459389727944,-0.150735094152361,0.98497421936712,2.4228878529753e-07,3.52525645134398e-07
31,-1.29969114198075,2.62515608725726,-0.433831278274819,0.180265628728575,1.32546494527651,2.07037426958051e-07,2.12941210405571e-07
32,-1.45729912418243,2.65500260291152,0.151319897226239,0.255714133601085,1.19770347872909,2.55464074648201e-07,3.11296399956049e-07
33,-1.29140971976854,2.80239086513111,-0.393611594585923,-0.237176973787611,1.51098114536258,3.31010342085639e-07,1.71622028271127e-07
34,-1.52123653757335,2.56829289274437,0.372948730409002,-0.131866410018862,1.04705635517103,4.13351125735877e-07,3.26072345042875e-07
35,-1.84460955177425,2.75418685367173,-0.160506084940057,-0.240608392579144,0.909577301897487,3.84958770297123e-07,3.05068401923301e-07
36,-0.695576171291791,2.26169279691672,-0.146094173743141,-0.234693629879581,1.56611662562493,1675.82350364638,4.24075228009245e-07
37,-0.906835067332574,2.58116156744788,-0.334122075337465,-0.138511570034752,1.67432650011531,3.33630749094831e-07,2.79314291628475e-07
38,-1.49373906384364,2.72025721947252,-0.0518713005348405,0.355624566175877,1.22651815562889,5.25771057605071e-07,2.76040617720727e-07
39,-2.47181607572867,2.74086113913133,0.378697583826076,0.392426177536039,0.269045063402663,2.89271826204468e-07,3.57457206238476e-07
40,-1.27329373936215,2.46870237545825,-0.457994232581188,0.196375849870566,1.1954086360961,144.413530903031,2.58405233474372e-07
41,-1.16056503543681,2.50253323576692,0.275315753880376,-0.109437897572968,1.34196820033011,3.23173605093263e-07,3.11459362774615e-07
42,-1.27983382474272,2.71268605232612,-0.232333240230557,-0.232248334460458,1.4328522275834,3.38675671798674e-07,2.66818203247239e-07
43,-2.5798067575612,2.75395324789479,-0.170457866476118,-0.252124427676049,0.174146490333589,2.69518784757687e-07,3.87122641160475e-07
44,-0.94169076952095,2.52236361370327,0.489333286828275,0.352736745731932,1.58067284418232,2.77557735488352e-07,2.31950496501685e-07
45,-2.17463615604013,2.69866970373507,0.15577730178418,-0.34145846440839,0.524033547694942,2.4912255434588e-07,2.59188486329253e-07
46,-1.73530510464831,2.64661696817117,-0.469602585188474,-0.162098574224937,0.911311863522862,3.00855284237001e-07,3.55650916287556e-07
47,-1.41864772318735,2.80584303990025,0.442772001105277,0.403013039168092,1.3871953167129,147.223046768628,2.29320892126093e-07
48,-1.69674525253665,2.6162596650048,0.109693569374039,-0.461868385908527,0.919514412468156,2.87594254439086e-07,3.11107027871818e-07
49,-0.826073345396043,2.44293079487156,0.0102159340784042,0.0550852504728198,1.61685744947552,3.0083786590398e-07,1.91757655044397e-07
50,-1.99731204156039,2.71640577854066,-0.0574109766755413,-0.302419055649523,0.719093736980274,2.24728936279235e-07,2.12404857489727e-07
51,-1.40223230538363,2.70184850425875,0.251148367822583,-0.150672964024089,1.29961619887512,3.84831290588963e-07,2.38142287965598e-07
52,-1.44670585788884,2.47705707370837,-0.427237623760373,0.208151687740601,1.03035121581952,2.75866045982896e-07,2.84925221233345e-07
53,-1.15512526002475,2.81203537140393,0.204085668642335,0.16994918100308,1.65691011137918,1.6423753217495e-07,3.64496328332754e-07
54,-1.61174826518325,2.7926953957528,0.209323852775967,0.219689596045355,1.18094713056956,293.241417605676,0
55,-1.68422606723093,2.54094503983765,-0.391028370696084,0.198598286727039,0.856718972606728,2.21102736523051e-07,1.30289657531408e-07
56,-0.911085080683534,2.35133727350482,0.305636925274918,0.463393378369849,1.44025219282129,728.357685644652,1.57845603562765e-07
57,-1.67313633441981,2.68037998581984,-0.466606795134143,-0.298815857833348,1.00724365140003,3.33311155672059e-07,3.17595268007852e-07
58,-1.2369810213246,2.49846487692176,0.080418165780147,-0.479232113289609,1.26148385559716,1.57662554527587e-07,3.29832018561046e-07
59,-1.22723716340486,2.48257990332198,-0.280199288038076,-0.0767408572341708,1.25534273991712,36.7135260630937,3.50937880091488e-07
60,-0.636718974975068,2.0207543365066,0.272152504807465,0.282064521572431,1.38403536153154,445.281573913374,3.16529868178271e-07
61,-1.10159364015925,2.60206480502066,0.134050508306719,-0.284546723044357,1.50047116486141,3.79604418975935e-07,3.28636453727104e-07
62,-0.779816903220965,2.53989936755949,-0.489766143591242,0.259694997799912,1.76008246433853,1896.24813504231,45.0012771858756
63,-1.54144994297976,2.8143466408261,0.357957455397508,-0.083319619568562,1.27289669784634,404.294119437025,74.5253847733539
64,-1.73029114148935,2.76031804098348,-0.32734259890241,0.355347668683623,1.03002689949413,7.00819014092202,3.01652145472263e-07
65,-2.02677481618678,2.73425270227393,0.309103216823046,-0.231445893790321,0.707477886087157,4.89955921682385e-07,2.463791519668e-07
66,-2.13583290874701,2.69721964247726,0.218237994981284,0.039418192753467,0.561386733730251,2.82987977582735e-07,3.53908017353432e-07
67,-0.829752731095918,2.33813861133945,-0.0221226943469424,-0.437775827347758,1.50838588024353,1020.64135495955,2.27613580740672e-07
68,-1.0874207253619,2.46413864868405,-0.070117241875152,0.397614008342385,1.37671792332215,3.44555513718862e-07,2.62109234579809e-07
69,-1.0415113604623,2.50394753652904,-0.371062694580183,-0.464289050971857,1.46243617606674,3.01990630145142e-07,2.63629717994523e-07
70,-1.07949676618896,2.54294307587013,0.0491556907902392,-0.421193301954593,1.46344630968117,1.75241112930229e-07,2.60853714862683e-07
71,-0.945579351728252,2.42507293079895,0.0435439146494421,0.332723097797146,1.4794935790707,307.139133707201,3.58933764109173e-07
72,-2.14913323155258,2.7374488002679,0.479450763112824,0.132710309966193,0.588315568715316,3.47209194389659e-07,4.54289374019142e-07
73,-1.40175044700545,2.54037788331075,-0.0734471457583603,0.230532021005362,1.1386274363053,1.59591181381088e-07,2.88759761073944e-07
74,-1.8722907740632,2.63390649982314,0.222762032839697,0.130687188312316,0.761615725759939,2.00616194430022e-07,3.77671094684657e-07
75,-1.38684923796645,2.82046220908899,-0.462002162695258,-0.0744657022788004,1.43361297112254,188.703309368279,0
76,-1.24868719361893,2.48405398268713,-0.16452338943913,0.0683051045948369,1.2353667890682,68.2369855153465,3.77793837059452e-07
77,-1.27399242745674,2.70797603967406,0.0502955231831296,0.0255407311257162,1.43398361221732,3.07029489784718e-07,3.88769319723853e-07
78,-1.2975479917871,2.5563027533187,0.125667180631593,-0.410142081999953,1.2587547615316,4.81304617985532e-07,3.83283854730597e-07
79,-1.77253335815101,2.76704272851539,-0.282742599506135,-0.0103099578391185,0.994509370364386,26.3497049056975,2.15751773044133e-07
80,-0.70379994411141,2.11499996236262,-0.133332822125367,0.128293228481553,1.41120001825121,2330.78112190779,2.8664558713679e-07
81,-0.783325290804284,2.35227998918874,0.292902278329636,0.431607495147661,1.56895469838446,3.11332703152382e-07,2.79875195933914e-07
82,-0.949888599710223,2.7035169144626,-0.0135741649739283,-0.0883492031983686,1.75362831475238,528.867468519684,2.62242393680973e-07
83,-1.28622776003795,2.57243681254546,0.279104187338647,0.102049543549351,1.2862090525075,2.34661403357126e-07,1.45170013363003e-07
84,-1.68147888934516,2.63793720843697,0.224789301195435,0.161476768856287,0.956458319091809,3.39105145036825e-07,1.16791393031501e-07
85,-0.893380457585622,2.62973337577061,-0.112154900314153,-0.432842217617179,1.73635291818499,509.928490442801,2.33363980883151e-07
86,-1.14613596785089,2.59768868016106,-0.111572778772143,0.00704765904767812,1.45155271231016,3.55161261550882e-07,2.39692371624966e-07
87,-1.59075254515918,2.59230335383506,-0.238933200104671,0.256483849099917,1.00155080867588,2.77979599510927e-07,3.99235084854851e-07
88,-0.705923374805154,2.20789485197575,0.238191897324499,0.373999425537894,1.50197147717059,2.3669787633696e-07,2.29752710078956e-07
89,-2.09259545938514,2.79990367110683,0.0379230312678858,0.139601748513116,0.707308211721682,27.4898879833907,1.53928209162425e-07
90,-1.46025827886375,2.68287104992512,0.228822180092745,0.00700299049617192,1.22261277106138,3.45798522267944e-07,2.46883012290166e-07
91,-1.25789038370721,2.72501397077461,-0.387302139561675,-0.148684454746824,1.46712358706739,2.10281807289547e-07,2.67401732439491e-07
92,-1.59213631759879,2.67303144863922,0.0697078505699332,0.0414293943049967,1.08089513104043,2.00845778545465e-07,2.57930412846373e-07
93,-1.90427196076202,2.64898678430836,0.484018150196361,0.13153690974266,0.74471482354634,2.58739489538471e-07,3.0432440933761e-07
94,-1.32647504997025,2.52785970381567,-0.0824771938924697,-0.0283569028982764,1.20138465384542,6.12592369157768e-08,3.74906310333498e-07
95,-0.805981461245541,2.5088958083125,-0.229277241804017,0.215282131327177,1.70291434706696,794.007335377428,4.15860661946402e-07
96,-1.6938420676447,2.53825503806358,0.0527474475967035,-0.331398308762448,0.844412970418883,2.29103574983823e-07,2.58283347194817e-07
97,-1.27825177051902,2.5906337815159,-0.481651338326367,0.118022278681512,1.31238201099688,3.46013423228831e-07,4.55504961591071e-07
98,-1.31918282875032,2.60887819791727,-0.13354335366002,0.192030695153113,1.28969536916695,3.05435662344161e-07,3.17748950259161e-07
99,-2.01461111894373,2.79008558773093,-0.0723070908837954,0.0471151083286355,0.775474468787192,3.26379673990631e-07,4.20490776752106e-07
100,-1.45434530298406,2.74060592223286,0.498844827184631,0.323209942180636,1.2862606192488,1.62413376090609e-07,2.34907881220102e-07
101,-1.55130878139194,2.54739103803006,-0.0986745560587761,-0.388953612708102,0.996082256638122,3.01940962255369e-07,2.99028034070758e-07
102,-1.45233620224,2.71690555389695,-0.38772724167109,-0.44703359439029,1.26456935165695,2.40001663453838e-07,2.37571386966579e-07
103,-0.918669809577592,2.67924987546395,0.435162010746778,0.255607713501798,1.76058006588636,725.380373100964,3.68954033099366e-07
104,-1.20765440636221,2.51980531313015,0.337562734676324,-0.132000338551904,1.31215090676794,3.08339794729841e-07,2.89828943909927e-07
105,-1.92351507352395,2.68134334052078,0.0555186667025958,0.490198490462357,0.757828266996827,2.22698624622e-07,7.67383089171575e-08
106,-2.41654673332397,2.7869635770499,-0.0586399213143786,-0.43277136442919,0.370416843725928,231.971127584317,74.901642242671
107,-1.84567240235975,2.79337734248983,-0.15314298907111,-0.193542268649549,0.947704940130078,172.545235884699,2.88720341163584e-07
108,-1.98899134043098,2.78064566211981,-0.435334456149429,-0.235889609820924,0.791654321688826,4.46604431715067e-07,3.31766044057452e-07
109,-2.72078503854386,2.76391999531849,0.0325148697565201,0.421797756503509,0.0431349567746269,2.99038119245364e-07,2.54857684300429e-07
110,-1.61228618977488,2.7793930928156,0.107356383477744,0.0245189426558096,1.16710690304072,221.218758976073,8.01396160983413e-08
111,-2.32427170017247,2.7924083105999,-0.285007776411609,0.467164055136052,0.468136610427424,7.50826939116113e-09,2.12227018832295e-07
112,-1.41190579558935,2.74548463895197,0.475543193723953,-0.371845015436867,1.33357884336263,2.62059599605734e-07,3.10230553777645e-07
113,-1.40107163084008,2.65806800804351,0.116712330767135,0.381890964948087,1.25699637720343,1.76313599861708e-07,2.3361928488531e-07
114,-1.81438391367044,2.78566090103223,-0.124116045204326,0.389226891584987,0.971276987361788,108.800928518966,1.1380484974147e-07
115,-1.3925518996251,2.61171939494871,0.415251884030758,-0.455667749197719,1.21916749532361,2.0469931330868e-07,4.19562259230474e-07
116,-0.909052830627916,2.55582378292562,0.299947048584882,0.394465379315091,1.64677095229771,2.72473890439875e-07,2.46849304091913e-07
117,-0.87082573899567,2.5493484471837,-0.295735241666995,-0.386256980586276,1.67852270818803,1.95926010225568e-07,3.3138641989141e-07
118,-1.6494708750338,2.70732188146528,-0.335960052923587,-0.151611939897943,1.05785100643149,1.72467915644036e-07,3.09381079158752e-07
119,-1.1819963651877,2.44821906924767,-0.288479482255773,0.213281722382236,1.26622270405997,92.2558280851664,3.12458473213159e-07
120,-0.80105000805989,2.50032598584322,0.447227027346711,-0.489795812714755,1.69927597778333,1025.82724414706,2.20138668595436e-07
121,-1.43487104006422,2.73442717313526,-0.30724567811296,0.271818212102641,1.29955613307103,4.44311398729646e-07,3.48934124436555e-07
122,-1.33237870721721,2.58397409839989,0.477723511872644,-0.168023047838767,1.25159539118268,2.15966447814019e-07,1.7861285087153e-07
123,-1.08828095928013,2.48040485081598,-0.486322348895356,-0.307519232229578,1.39212389153584,2.0024666496241e-07,2.4601061754941e-07
124,-1.79261860796816,2.57678945591146,-0.249195867499104,0.0948252892737712,0.784170847943306,1.6268824300928,2.88828625960022e-07
125,-0.795087179882499,2.48833369491245,-0.194197417550521,-0.441371299577416,1.69324651502996,847.850968558104,2.65095750115886e-07
126,-1.09823044341681,2.8070626227741,-0.269182214812218,-0.250230987140685,1.70883217935729,44.4511694656566,3.49318778239851e-07
127,-0.968828856924313,2.40744232041122,0.236494208716779,0.312952983647206,1.43861346348691,167.100525258502,2.36338544797741e-07
128,-2.38517518737526,2.79089281840544,0.0914499314430248,0.116849851275922,0.405717631030173,122.792351569669,20.0009710228743
129,-1.63028813167327,2.51511409935569,-0.224077446931897,0.396437435718737,0.884825967682422,4.59186861199191e-07,3.17602144199162e-07
130,-1.29391229592107,2.64461641778713,0.270489358501296,0.130052202149628,1.35070412186606,2.17307723886209e-07,3.61903416072016e-07
131,-1.10377107512803,2.55334960437214,0.0455743467454452,-0.333266752194657,1.4495785292441,1.26938753694059e-07,3.62409789606632e-07
132,-1.51681376761153,2.68036827819482,0.188866484425556,-0.391850401986737,1.16355451058329,5.10994584890959e-07,3.25450326850845e-07
133,-1.29839874618078,2.55980763762983,0.162496873184278,-0.347171822274108,1.26140889144905,2.61321860132254e-07,1.34228669172605e-07
134,-2.54834122308937,2.74409841066305,0.0373577492268772,0.182721177735303,0.195757187573682,3.0496034074592e-07,1.84939494036759e-07
135,-1.35376639981996,2.73971720645257,0.264400111389306,-0.174002081464397,1.38595080663261,3.12345692304329e-07,3.84531495755747e-07
136,-0.888306799021488,2.65843074887873,-0.295083967484,-0.168016605456712,1.77012394985724,809.684509760216,4.55960739836285e-07
137,-0.653845691389961,2.0676483585024,0.388431705144096,-0.482368591065975,1.41380266711244,153.622228345253,2.3657646854397e-07
138,-1.27972272895476,2.59314084739493,0.255874151178387,-0.348866000151106,1.31341811844017,4.42172754216408e-07,3.26522767589571e-07
139,-1.97746386981358,2.71225724785773,-0.49144522988183,0.395147158971728,0.734793378044145,4.14692774841439e-07,3.0281185060596e-07
140,-1.16010381548297,2.71217374712136,-0.119424058621893,-0.0062112297435919,1.55206993163839,3.85756596821444e-07,2.6622828082331e-07
141,-2.00501531665812,2.76680205197586,0.394054612702145,0.428145220895642,0.761786735317742,2.16934527902409e-07,2.42314099965516e-07
142,-0.893398269020823,2.53724144028212,0.473379195775117,-0.455141663814614,1.6438431712613,3.87753034259463e-07,1.56257721092033e-07
143,-1.82145022615016,2.58552797396271,-0.426615983347991,-0.267676210468072,0.764077747812554,1.95464005961011e-06,2.38347700825148e-07
144,-1.49958887533145,2.7298126728597,-0.153997587027724,-0.0811293377539528,1.23022379752825,2.58102009959039e-07,2.73860347460112e-07
145,-2.00568605182,2.71214779863612,-0.0478609448775525,0.0518799421186391,0.706461746816122,4.47847938952343e-07,3.66460568197325e-07
146,-1.89347196667711,2.67235643801744,0.482447357047075,-0.285691737838168,0.778884471340337,2.64092904587418e-07,1.97828030515281e-07
147,-1.21632760433453,2.44690661345997,-0.0120423602092512,0.374579516387342,1.23057900912543,195.234204867363,3.13283319527716e-07
148,-1.75520115776082,2.56454729857835,0.389285462074263,0.224362706563218,0.809346140817533,1.41525986389192,3.33733017575738e-07
149,-1.57997090248954,2.7975932105144,0.0359359931290713,0.245801048766011,1.21762230802486,313.233564317115,13.0949221303963
150,-1.15018342928263,2.48639951664703,0.385228984211173,-0.327244606009277,1.33621608736439,2.14705571899812e-07,4.30841926672597e-07
151,-1.07553921245508,2.679826782138,-0.226796493949768,-0.307209564180894,1.60428756968291,2.64348026521451e-07,3.05436101379785e-07
152,-1.57956209529439,2.70810117838349,-0.0948178961990389,-0.208414626487805,1.1285390830891,3.10553645704189e-07,2.51174045045824e-07
153,-1.3109170416516,2.6837266483403,0.0800435552980984,-0.482365170947654,1.37280960668871,1.67635890291103e-07,4.55293197607459e-07
154,-0.773668208229731,2.25295961443514,0.274849846534099,0.0784477558526964,1.47929140620541,1348.30042422862,3.40494569199222e-07
155,-1.58988987770241,2.80698168104394,0.171987871402326,0.108368590696236,1.21709180334153,383.916352795016,56.0813306591285
156,-0.770549885670464,2.56206550071576,-0.0822638054884374,0.010886008224664,1.7915156150453,2571.41898581975,267.445335410357
157,-2.00962248519486,2.67930264881926,-0.0333656300498129,-0.327139475011273,0.669680163624407,1.51399417014459e-07,3.49924615712854e-07
158,-0.986902035145163,2.56527747319814,-0.0626387084373853,0.482468845786694,1.57837543805298,2.69229334940316e-07,2.54548912364106e-07
159,-0.711211073618763,2.15436289970681,-0.424522085575971,-0.384566360016491,1.44315182608805,1748.43193359731,2.33388371176499e-07
160,-0.993691776141858,2.68550225499585,-0.0146271048308058,-0.408035432682486,1.69181047885399,24.6149621293166,2.49457771137743e-07
161,-1.08169535152156,2.70614588194544,-0.448760458853575,-0.196301530871053,1.62445053042388,2.56507034186925e-07,3.96309902508907e-07
162,-1.87352265666087,2.73925853737595,-0.0351296294007729,0.320767221139798,0.865735880715077,2.87537928598596e-07,3.23205805346841e-07
163,-1.70144755529807,2.6862784667626,0.316621524292736,-0.289925804913219,0.984830911464532,3.67710839604212e-07,3.64063598198791e-07
164,-2.10337236963045,2.80514582749245,0.0612038322088613,-0.434626429553696,0.701773457862006,137.234012829234,57.9949771875823
165,-2.31708196464737,2.71806351468044,-0.264157001056725,-0.0223064993057084,0.400981550033066,3.43752865412773e-07,3.96021990520615e-07
166,-2.02308546956384,2.71772762471561,0.403929052846088,-0.189991035430079,0.694642155151766,4.07940031571304e-07,3.33555335869894e-07
167,-1.12039217801741,2.53020699305493,-0.00384656071580625,0.234867466969133,1.40981481503752,4.7179209283608e-07,3.08357658398454e-07
168,-1.70572680319773,2.71442683065085,-0.426107854786466,0.246245851926862,1.00870002745312,2.47824021535864e-07,3.18158698837308e-07
169,-1.9462802108028,2.66366638191904,0.293960345907922,0.352803983276472,0.717386171116247,3.17355245942077e-07,2.78928007277283e-07
170,-1.57985852087596,2.6596672583757,-0.273103660043777,0.0115877622667807,1.07980873749973,3.4735146822828e-07,3.25232047433217e-07
171,-1.63462369995135,2.70361305765884,0.2422223837868,0.341420691941333,1.0689893577075,4.1588950551163e-07,1.8866695757026e-07
172,-1.37202277481549,2.69832474460203,0.040209077901909,-0.481832179072833,1.32630196978654,3.59940310241011e-07,1.19140211401917e-07
173,-1.42209686674632,2.7487194574731,0.480391204593076,-0.425529201131464,1.32662259072678,5.08919407571101,1.68500129407436e-07
174,-0.892912695726052,2.68709557310551,-0.0565342842432222,0.357169164309525,1.79418287737946,1026.71765485482,2.36143720337078e-07
175,-0.941126093595506,2.56046224189313,0.158842899965502,-0.305641530550571,1.61933614829762,1.8937678126537e-07,3.58958032790827e-07
176,-0.785027806612034,2.47427746465664,0.317488227190977,0.393614099870434,1.68924965804461,1122.89615908152,4.32573357506453e-07
177,-1.25330980243372,2.49760488209972,-0.3350932561533,0.362344060316856,1.24429507966601,8.3662942589933,2.99334565914827e-07
178,-1.12195230147442,2.59234237047212,0.219683153082689,-0.293168418934855,1.47039006899769,2.44143544517219e-07,2.18911622646627e-07
179,-1.772960406944,2.77146171157728,-0.285654439936326,0.23067854448492,0.998501304633272,46.3476133448827,1.93086913561121e-07
180,-1.14349939166211,2.67573432274146,0.0604225186158683,0.370642037414964,1.53223493107936,2.69533269712224e-07,3.37449440196008e-07
181,-1.17759296380775,2.73522890153808,0.04288243229793,0.0466683024985755,1.55763593773033,3.22140323759839e-07,2.03196048172761e-07
182,-0.672677015886234,2.14819572185584,-0.435228639517163,-0.128448132956347,1.47551870596961,2.63236770699976e-07,3.58183158075165e-07
183,-0.935328702410401,2.59686887718957,-0.349045212588354,-0.494478521598009,1.66154017477917,2.00252207727294e-07,3.56409570041991e-07
184,-1.05388043874081,2.47466194662376,-0.164442599957999,-0.0664763523992123,1.42078150788295,4.78549091367138e-07,2.11228397667114e-07
185,-1.30576529100946,2.67876239724371,-0.0332941150784024,0.127130630581387,1.37299710623425,2.64261955927102e-07,3.34564016671602e-07
186,-0.77230919585099,2.37529452473132,0.455530642942875,-0.0924980187669825,1.60298532888033,48.8147227616627,2.31243278264687e-07
187,-0.877926111200405,2.40073474255215,0.261214190651638,-0.37458474772817,1.52280863135174,532.897876828484,4.06176738956705e-07
188,-0.839759122116394,2.40645090954713,-0.358069737741204,0.221531447323882,1.56669178743074,319.311856005327,3.97633417143921e-07
189,-1.27676750449721,2.69826670781687,0.25553353433934,0.104736509846741,1.42149920331965,4.6129111896078e-07,2.3521691222181e-07
190,-2.70523909330922,2.78422476227026,0.176316803430215,0.4066129944146,0.0789856689610411,532.427967504075,147.739290290223
191,-1.60761504691229,2.58855056967667,0.376652606102746,-0.401845243291638,0.980935522764371,3.68433430955905e-07,2.09833068732277e-07
192,-1.35768141965183,2.82039461633521,0.297777962804918,-0.187539157450823,1.46271319668338,73.6321027198124,1.59879985904923e-07
193,-1.43395625268092,2.55890915869768,0.281950737425929,-0.327536133148117,1.12495290601676,4.03907699864595e-07,9.26490472726326e-08
194,-1.15264532133604,2.47272883317064,0.173435901499185,0.477868884794167,1.32008351183461,2.31963659874882e-07,3.63069616014111e-07
195,-1.02546115190373,2.664930670388,0.312562710390873,-0.468180708975089,1.63946951848427,2.57624275468308e-07,2.99192920668213e-07
196,-1.55174857701568,2.78420469772907,-0.0988837943452077,-0.344347989142359,1.23245612071339,277.135800207849,3.3953425489497e-07
197,-1.61237040932635,2.78405838663175,0.0467159459447247,-0.0815995209877372,1.1716879773054,257.974170518515,1.53889402090305e-07
198,-0.876759528685692,2.31823308804802,-0.490516644931625,-0.0679528460516193,1.44147355936233,1359.43728774636,2.55401930017878e-07
199,-2.34251475050232,2.76267236834715,0.173999426956082,0.0793473728512207,0.420157617844829,4.92143714895877e-07,3.27563004565168e-07
200,-0.799681698182749,2.50455020146668,0.165799409975661,0.194809071438298,1.70486850328393,1026.65591065791,3.20636098342903e-07
201,-1.40606271562574,2.67771402641321,-0.157279870222021,-0.0375202875647858,1.27165131078747,2.1520485232876e-07,4.57601633507951e-07
202,-0.974491913307062,2.44725999445084,-0.432373672362327,-0.0132965240737363,1.47276808114377,207.279232543377,3.07547604122663e-07
203,-1.53312473199488,2.70782310556571,0.194203889062652,0.239659685195577,1.17469837357083,4.03026711264854e-07,2.38305350101945e-07
204,-1.81569556086176,2.77444264264414,-0.205676145767377,0.380137471445327,0.958747081782383,19.1112077890522,3.22503677180422e-07
205,-1.09630285418147,2.52886057841314,-0.00398545474454204,0.0541792464226283,1.43255772423167,2.48288638144871e-07,4.45165158187165e-07
206,-1.2538386591911,2.79281295483649,-0.362403848828886,0.25003753754066,1.5389742956454,4.59101986008991e-07,3.6134120388313e-07
207,-1.52875758306452,2.64436124694223,-0.253316134612443,0.0865556143421731,1.11560366387771,3.558680165005e-07,3.59135379943723e-07
208,-2.25807402607791,2.76850110730779,-0.386844217246281,-0.109526526147011,0.510427081229881,3.34500802537033e-07,3.51347008717762e-07
209,-1.43987964088565,2.694055496788,0.449434521204899,0.0111119129844214,1.25417585590235,1.98997262216734e-07,2.60474653913102e-07
210,-1.65085361007986,2.74133059209136,-0.173204022924959,0.248758515872964,1.0904769820115,1.55602316054012e-07,2.94322352079911e-07
211,-1.67327485523455,2.82244195316597,-0.271930679367041,0.0804795944416334,1.14916709793142,514.557656998136,138.325134659353
212,-1.35335280192078,2.44276217349181,-0.201963139202902,0.244882286799955,1.08940937157103,121.004714806935,3.1378713250435e-07
213,-1.05854273637752,2.70586040127237,0.321809052887251,-0.163769864179401,1.64731766489485,3.47404345625119e-07,2.98204908072036e-07
214,-1.05931510512494,2.7690019209125,0.474151935429478,-0.430627680060533,1.70968681578756,176.801813227765,1.8957537320274e-07
215,-0.90953592880909,2.53344609653941,0.412512609539107,-0.366402440103984,1.62391016773032,1.87159383876134e-07,3.33365769100797e-07
216,-0.919825177399526,2.62618827802309,-0.148339086880026,0.222449556129821,1.70636310062357,156.102620005545,3.88268087663679e-07
217,-1.11984853432164,2.57920332046455,-0.33192685269562,0.167723003177913,1.45935478614291,2.38947657270501e-07,2.53476152539105e-07
218,-1.20397324404574,2.81854590555081,-0.22637803261781,-0.273489457530502,1.61457266150506,2.56882945364634e-07,3.50721118206432e-07
219,-0.692757725466082,2.26182396793621,0.235903430871945,0.429098860691917,1.56906624247013,2121.57187556316,2.75221661475077e-07
220,-0.989876353462674,2.49310626440791,-0.0827580013372335,-0.157464930851701,1.50322991094523,2.79659438297298e-07,1.92367058286989e-07
221,-1.54856225444735,2.4980479451593,0.345616766889575,0.429490612089751,0.949485690711956,3.86813503394743e-07,4.19406732728164e-07
222,-2.66911876902963,2.76636862923864,0.365170985805021,0.0661557818056465,0.0972498602090046,2.15174314752418e-07,3.20518801080358e-07
223,-1.59543517854277,2.75214363802798,-0.405637332184077,-0.466042737982534,1.1567084594852,100.397353579881,2.49821420773698e-07
224,-1.43386214052152,2.49265635302357,-0.499600307410675,-0.0533316925226187,1.05879421250206,2.74987114577511e-07,2.78147163136972e-07
225,-2.53330456203335,2.76891365935576,0.248979633293827,-0.254536741980559,0.235609097322408,3.63938091597552e-07,3.72632357810754e-07
226,-1.14727615299766,2.61075071850943,-0.0141502690834626,-0.382199208238521,1.46347456551177,2.35472328019844e-07,2.91334040720721e-07
227,-1.20830526913568,2.6543282307962,-0.407363537276584,0.367763914115314,1.44602296166051,3.38618397858364e-07,4.07060988548603e-07
228,-1.31349721464301,2.73311332613498,0.492494676896073,-0.146747005820093,1.41961611149197,3.90616175057301e-07,3.71935955911416e-07
229,-1.00066414020852,2.71432232769022,0.371478941985113,0.182829170439742,1.7136581874817,227.437765146504,3.13387480003735e-07
230,-1.6941499355097,2.70719117092271,-0.0464746579516995,-0.0919697713305563,1.01304123541301,2.15816518347197e-07,3.25157928489414e-07
231,-1.40388468773706,2.5857418483531,-0.0248118620191177,-0.37462929441208,1.18185716061604,9.82617161766738e-08,3.76888978078518e-07
232,-0.960443954398348,2.68423060402713,0.0723306138091213,-0.3529104816702,1.72378664962878,294.239680683019,4.22858229604697e-07
233,-1.80240411681919,2.64374515103576,0.189007510845079,0.137361391175909,0.84134103421657,4.64794409118912e-07,3.47806480270943e-07
234,-2.11514623146023,2.69260766916879,0.289616069716998,-0.223655992604453,0.577461437708566,3.46585072708987e-07,3.76591648329764e-07
235,-1.60138183718445,2.6337122345327,0.483898036360018,0.0922488153893509,1.03233039734825,3.36748409879135e-07,3.224971039603e-07
236,-1.74312455096779,2.79004280157387,-0.101184410140606,-0.35820895857095,1.04691825060608,257.44502326882,6.11353983315027
237,-0.726853733187752,2.39904717938486,0.0830311063353062,0.302379629296882,1.67219344619711,2580.47266457328,29.7401378867105
238,-1.31850359758453,2.53776617772,0.391259829922494,0.170910607981305,1.21926258013547,2.28279180444061e-07,2.30994133534854e-07
239,-1.09749763244867,2.65555662746565,-0.0142802064662416,0.274600746388784,1.55805899501697,3.42472271045398e-07,4.46658747110637e-07
240,-1.58622602652176,2.56519906079596,0.199201929245944,-0.198027862258154,0.978973034274202,2.19749661193757e-07,3.43123436518889e-07
241,-1.04800871800654,2.67925101750743,0.0330328849390766,0.10351179081413,1.63124229950089,2.75635589591306e-07,4.02470203675141e-07
242,-0.688144253305762,2.10427611069004,0.244057237035652,0.228233523763117,1.41613185738428,1592.64575217568,5.36919602345664e-07
243,-1.03382328353974,2.78124873679818,-0.296006159306077,0.337906951958479,1.74742545325844,339.071731792429,3.47645424885103e-07
244,-1.68913497201816,2.63212166295071,0.414961282010757,0.39197223683712,0.942986690932559,4.63610360336969e-07,3.28021731724162e-07
245,-1.54063185697826,2.65873147731871,-0.281782764467068,0.236621289380061,1.11809962034045,4.07285313793292e-07,2.22882273459941e-07
246,-0.884858780345237,2.40317361605059,0.400566235318454,-0.185805246551075,1.51831483570535,483.970455758599,1.5858683615385e-07
247,-1.12952796525886,2.79048204491655,-0.348254106207153,0.435810348772485,1.66095407965769,2.70200933258649e-07,2.72771319653458e-07
248,-0.937134916038359,2.47951659617359,-0.412055575194574,0.259108744100304,1.54238168013523,152.260739107812,3.62139158231583e-07
249,-1.8752924490696,2.62946441911927,-0.121962095396948,-0.471181624859137,0.754171970049674,2.57592987174296e-07,3.24894976462148e-07
250,-0.882966127099917,2.44776960054937,0.431871111215499,-0.4913812724011,1.56480347344946,69.4509616132903,3.27077687229162e-07
