slack_weight,sample_idx,x1,x2,th,v,slack1,slack2
0.1,2,-1.37592543823025,-1.44291170934645,2.89067494432964,0.891081010254041,0.0001530041405632,0.0001529850354199
0.1,3,-1.37602191865519,1.17610075708118,2.9296875814265,0.61459511684349,0.0001529919087252,0.0001530155514961
0.1,4,1.46470458309974,0.133844367905286,3.21196966288251,0.487384669288891,0.0001529825393247,0.0001530412910803
0.1,6,1.87963940864798,-0.753111728817807,3.5984285561575,0.641731087913618,0.0001529963501727,0.0001530047315206
0.1,8,0.0990257265289514,1.507062547047,3.97522588591352,0.732370395776965,0.0001530470609183,0.0001530007477489
0.1,10,-1.44202455739183,1.38580916693807,4.05147334043442,0.446060194880331,0.000153199276892,0.0001529561252198
0.1,11,-0.831421405859127,-1.49004535067207,2.83083193643822,0.538900361759138,1.68551142884369,0.0001529561247236
0.1,12,1.14070384557205,-1.4003302906049,2.63218668823636,0.64058595989352,0.0001530152186689,0.0001529767754468
0.1,13,-1.73979362805888,-0.992803764372189,3.59429756706184,0.525244019505862,0.0001529785817416,0.0001529843429956
0.1,14,1.79554214901333,-0.617216025984322,2.66537747432435,0.141083870952145,0.0001529798022915,0.0001529565674144
0.1,16,1.23358939246584,1.63380224533451,2.34967273932794,0.349132877012175,0.0001529901442998,0.0001529555531768
0.1,17,-0.239390025041595,1.78913335844726,3.19429472110172,0.276487941464554,0.0001529870773436,0.0001529090273956
0.1,18,-1.51184706062088,-1.38659438753568,3.57941812031486,0.649702063968191,0.0001529885460175,0.0001529873432151
0.1,19,1.63728160831513,0.445816941738591,2.6317389400337,0.564915365601381,0.0001530142584913,0.0001529933839522
0.1,22,-0.753155695642356,1.72847312993445,3.78246195120769,0.297161928191672,0.0001530067669797,0.0001529553395365
0.1,23,-1.26058217789789,1.68999752470918,3.42046424251083,0.404974584404876,0.0001529917579899,0.0001529556928266
0.1,24,1.87833851105823,0.828954537253594,4.08700960271134,0.822327111621832,0.0001530291341395,0.0001529910290444
0.1,25,1.10053129344446,-1.38984382834295,3.35440795204953,0.614843779032371,0.0001561038069293,0.0001529564846462
0.1,26,1.75799576625676,0.305153440667253,3.81010023751173,0.561400953360775,0.0001529835168267,0.0001529823441434
0.1,27,1.5793094017106,0.426860185531424,3.94627278873451,0.364139940887309,0.732880640143488,0.0001529716851511
0.1,28,1.68749694009247,0.945776942498891,2.53850077658473,0.457313537113473,0.0001530034657186,0.0001529808933659
0.1,29,-1.21606855032342,1.70227405162711,2.95525111650053,0.655359864506021,0.0001529817822468,0.0001529799742973
0.1,30,-0.698678676946943,-1.54704781663698,3.97939912407862,0.410700828521523,0.0844392236070789,0.0001529776299939
0.1,32,1.31495003660772,-1.50134927518693,3.72912391881286,0.544191922306107,0.0001530126288466,0.0001529558676926
0.1,33,-0.572986693225643,1.68336753046949,2.6699475173533,0.732032889428498,0.0001530042277713,0.0001529811512761
0.1,34,-1.43630310010095,0.365101742979717,3.49250834207232,0.347258372967568,0.0001530960026459,0.0001530334673099
0.1,36,0.916028672163949,1.67942246565104,2.29485919870236,0.95955446033649,0.0001529867414289,0.0001529841939741
0.1,37,1.45241370350237,-1.10158070824007,2.58018396451282,0.33184649830035,0.0001529872222623,0.0001529874579046
0.1,38,-1.74576659885591,-1.29445205397511,3.13482117861909,0.717930922143346,0.0001529781880947,0.0001529992054614
0.1,39,0.918424713352256,1.6593836042724,3.55030245184578,0.510612858059988,0.0001530201485173,0.0001529562840135
0.1,40,1.54885097030531,0.322353401112174,2.99121427874005,0.208922500436674,0.0001530141597823,0.0001529984441407
0.1,41,0.245108790277985,1.84428126987782,2.31244184217527,0.419294162652386,0.0001530309152257,0.0001529916415601
0.1,42,0.0909313175279762,-1.65860132768542,2.66859585970491,0.710802961005308,0.0001530286837175,0.0001529820059611
0.1,44,0.0342827646588111,1.59221715776285,2.83789762669528,0.886328734119711,0.0001530217752372,0.0001529814336002
0.1,45,1.63026589570437,-1.17944143807197,2.23979605862993,0.751575749919484,0.0001529848156474,0.0001529860014598
0.1,46,-0.358468307857481,-1.85380132860762,2.23600252444098,0.912207976557257,0.0001529860320936,0.0001529994477479
0.1,47,1.71879060937029,0.0975610773103202,3.21061928032863,0.365536636888741,0.0001529762660929,0.0001529872616951
0.1,50,-1.25371976445586,-1.27228747801892,3.48054786018561,0.602778156805383,0.0001530122974467,0.0001530106161924
0.1,51,1.57023599395991,1.44714248405407,3.26261395992911,0.408850617855392,0.0001529845496026,0.0001529792759634
0.1,52,0.157368967662603,1.78446184853453,3.62466595259936,0.756256138794503,0.0001529825438919,0.0001529813298453
0.1,53,1.58436519969397,-0.917021307425785,2.22035693018273,0.861043926690916,0.0001529967804168,0.000152995582933
0.1,55,-0.649539314385488,-1.5835656720617,3.76038160447006,0.487886698461967,0.182675599657468,0.0001529651804598
0.1,56,1.77163881565008,1.19966434149276,4.03627178655856,0.386980136489025,0.0001530374203663,0.0001529859443398
0.1,57,-0.545481590482824,-1.60223442896262,4.17304768851974,0.735027276379442,0.0001530022946925,0.0001529994654268
0.1,58,1.88712833088384,-1.02731123600218,4.03590138952759,0.719564516642923,1.32586579475791,0.0001529954057808
0.1,59,1.84978917976844,0.889067727422637,3.22527867155508,0.437097598318109,0.0001529804581557,0.0001530009437201
0.1,63,-0.885414143053554,-1.65796587658213,3.57878652619323,0.673212085709269,0.0001530054278177,0.0001529814245318
0.1,64,1.63306354386661,-1.16845497941589,2.17012922626493,0.406543749923163,0.0001529887404232,0.0001529576962279
0.1,66,-1.42042051163511,-1.27425825964081,2.64545678019255,0.468666005405709,0.328454266470168,0.0001529825067615
0.1,67,1.9426018164424,-0.314301797630008,2.27795364197567,0.709408575761508,1.56909093682519,0.0001530578599111
0.1,68,-1.031778913954,1.5706868443079,4.05675497809844,0.645201324507421,0.0001530357537672,0.0001529869190493
0.1,71,0.363571772752967,-1.43954729693419,3.80645776830989,0.449188083952183,1.75350927244386,0.0001529718933675
0.1,73,0.0483722331971239,1.57820890757637,3.91244878275389,0.780592252555159,0.0001530274836444,0.0001529918026092
0.1,74,1.74691995494694,0.533912879304589,2.45782399672609,0.382570045639618,0.0001529939053549,0.0001529804151134
0.1,75,-1.44991622341603,-0.968449258267191,3.54989725939333,0.899563305077813,0.0001529829999419,0.0001530724781844
0.1,76,-1.54610591503764,1.3397209471972,4.13770832891904,0.844036623767339,0.000152987844647,0.0001529810093576
0.1,77,1.50935741352392,0.102760729210743,3.8169943666826,0.359564894036871,0.850048694902598,0.0001529824940167
0.1,78,0.220803246397849,1.657195226242,3.11449519972981,0.406348393829055,1.19316191483092,0.0001529092279565
0.1,79,0.118602313424026,-1.52899566843944,3.36412828603033,0.587266846612827,1.1161104286662,0.0001529116215509
0.1,80,-1.6275889287764,-0.903779117251176,2.46057626703655,0.59834033682221,0.0001530370651956,0.0001529867273041
0.1,81,1.58886303181331,0.216712010063174,3.14696703156719,0.587534331169004,0.0001529764480997,0.0001530221672641
0.1,82,1.60167222865332,0.605681553407457,2.92935299526477,0.785711631344383,0.0001529900188205,0.0001530100105865
0.1,84,0.903822715480957,-1.45245747972477,2.14845543389163,0.333401407585385,0.0001530736212211,0.0001529973077546
0.1,86,1.54834569706047,1.49556031025006,4.11153867514644,0.151882823979122,0.0001529959418027,0.0001529107595853
0.1,87,-1.6634401400198,0.660146698185022,3.00021654056327,0.969775647279767,0.0001529766579601,0.0001530052036223
0.1,88,-1.35348514362154,-1.2985148855062,2.74746128437415,0.601937943625039,0.0001533162389894,0.0001529835913304
0.1,91,0.654007076432223,-1.81213613289978,2.54686441377123,0.663610889278957,0.0001529855966759,0.0001529831929833
0.1,92,0.194935157466344,-1.66880532829949,2.41279521022788,0.994463550009728,0.0001529992005949,0.0001529870303968
0.1,93,0.273234413341886,1.74731895729903,2.34862312502382,0.967625962448962,0.000152983503626,0.0001529824884377
0.1,94,-1.62530092868763,0.930288388841001,2.72957308613634,0.918509149843518,0.0001529856770386,0.0001530083588187
0.1,95,-0.939190529273098,-1.87526745975486,3.54405442650329,0.580047965888826,2.37471165035438,0.0001530122627445
0.1,96,1.89204221900978,0.380311722801019,3.16132631264083,0.217587109441117,0.0001529800370601,0.0001530414729088
0.1,97,-0.427609101332958,-1.794296746063,4.18187211167358,0.811458814847396,0.0001529763656204,0.000152988581662
0.1,99,0.307615538505436,-1.57360698746491,3.1982281631679,0.949637884442858,0.0001530062052813,0.0001529556840567
0.1,101,-1.2915572823718,1.2764092706968,2.96174642784509,0.437796917127642,0.0001531060114146,0.0001529788360256
0.1,102,1.76183433741166,1.19766351587592,3.82758641791323,0.357205199973283,0.0001530035157282,0.0001529855128967
0.1,103,1.81571430801035,0.778785883417707,3.63087346808621,0.282900781977479,0.0001529957977268,0.0001529824479031
0.1,104,1.65945756088179,-0.911419451080149,3.70562350388274,0.785618372239927,0.0001529894967437,0.0001529895527834
0.1,106,-0.287263406730743,1.66925430184897,2.13459131297518,0.619551126309818,0.0001530053426704,0.0001529909311629
0.1,107,1.40454668606743,1.49178334350563,2.11978079344458,0.616176056310016,0.0001529924947376,0.0001529805641109
0.1,109,1.74461909664312,0.76910625807141,4.10412772663006,0.86856577025988,0.0001529843373223,0.0001529875283146
0.1,111,0.0733186094549469,-1.84229275452598,3.11696494855849,0.559389240103809,0.0001530870922142,0.0001529554937525
0.1,112,1.50949228771182,0.822300690062754,2.40865629084891,0.663933259983889,0.0001530805178569,0.0001529884930467
0.1,113,0.963074471016818,1.70099326966266,2.77439477353671,0.933744346057078,0.0001529816533412,0.0001529803363309
0.1,114,-0.562035395120979,1.66195319035217,2.88165368584947,0.718949838187505,0.000153020393805,0.0001529561865642
0.1,115,-0.825632622942027,-1.8642160856568,2.92058428824057,0.750436261928406,0.145905487086594,0.0001529804306206
0.1,116,1.46828927432041,1.69758478150612,3.96277290582958,0.369456029534513,0.0001529854875482,0.0001530059678393
0.1,117,0.0453695954437512,1.77706595645374,3.74248170062291,0.823993486911554,0.0001529831338949,0.0001529846400965
0.1,118,1.1931807158671,1.44817060395725,3.53562106060763,0.289634467480483,0.73609831583467,0.0001529200283434
0.1,120,0.313120563984696,-1.69218719348316,3.47534272780473,0.764082566705377,0.0001529938216217,0.00015298127124
0.1,121,-1.85623090481303,0.785155103512559,3.96912531459423,0.850730137300608,0.0001530161601021,0.0001529915920516
0.1,122,-0.853834991486862,-1.73857463680423,2.23399080970802,0.778085130031272,0.0001529857378536,0.0001529827255773
0.1,123,-1.85060724500314,1.16289265935585,3.63887277594283,0.789504339516028,0.0009187850737699,0.0001530419180443
0.1,124,-1.49175794939246,1.54391099294475,2.18167462131735,0.179744242572711,0.0001529839637057,0.00015291142987
0.1,126,0.491561903276001,1.48039549560372,2.24363484403732,0.466395840213065,0.201092441644301,0.0001529826618134
0.1,128,0.162540486440426,1.75627079405158,2.83424312227342,0.8274116890083,0.0001529803153163,0.0001529809407185
0.1,129,1.90340831785014,-0.597152738193159,3.71682566415066,0.959603686562531,0.0001529909908787,0.000152998896988
0.1,132,-1.30682271971662,-1.55810354747442,3.70545229587286,0.352904049017842,0.0001529979234921,0.000152959371337
0.1,133,0.640789506870925,-1.83162724145455,3.3824752505621,0.389346131123094,0.0001558099658965,0.0001529558956663
0.1,135,-1.00907604199537,1.7998447358009,2.7076801419325,0.683035701391476,0.0001529965730633,0.0001529886292174
0.1,136,1.03138444185748,-1.64235599075096,3.35497295594814,0.899793172238859,0.0001529897650994,0.000152979925367
0.1,137,-1.53570943797234,1.51647323024866,3.66115590562211,0.504414767835678,0.000152991214331,0.0001529800061489
0.1,140,-1.60866335739599,-1.07331319446623,2.56482893976001,0.742557369255931,0.0001530082943804,0.0001529870232909
0.1,141,-0.0335364995326706,1.7709270965405,2.87385989439073,0.840281314945777,0.0001529801730887,0.0001529803430426
0.1,142,-1.81878396091182,-1.25424695142298,2.50797632922303,0.547025880536152,2.70953200038264,0.0001530147986132
0.1,143,0.0125450343203508,-1.76862929374641,2.69319688151666,0.666601927202563,0.000152984243384,0.0001529793059772
0.1,144,0.63477452647578,1.5351435398537,3.89844420412522,0.77378071071358,0.0001530299031889,0.0001529930712715
0.1,145,-1.34826229167428,1.71100913278085,3.86733058745173,0.385828115735005,1.13914769961146,0.0001529569106123
0.1,146,1.76092096569983,0.784082472215169,3.8578727477883,0.736278838710145,0.0001529831788915,0.0001529873094353
0.1,147,1.7658592351061,0.371759739366813,4.15668258232811,0.384643134756376,0.0001529860608526,0.0001529554498372
0.1,148,1.62140256782425,1.50984345052152,2.43958244525877,0.343353957746073,1.79527985028546,0.0001529562854192
0.1,150,-1.59688799449029,1.55499231947591,3.80716069205458,0.810039224598406,0.0001530311509306,0.0001529840315459
0.1,151,-1.62222815697629,1.4485104690618,3.15385050504391,0.490435677618877,0.0001529850280649,0.0001529871472537
0.1,152,1.37950124387782,-1.65205296035436,3.33081641399918,0.180360572073016,1.25883843608686,0.0001529093450406
0.1,153,-1.52734068951337,0.89368045475434,3.53719310511756,0.669440690873741,0.0001530122395613,0.0001530099836635
0.1,155,1.50988805410821,-1.11926719220075,3.68848432190237,0.250257779872479,2.75490654939922,0.0001529610141149
0.1,156,1.21392372153939,-1.6954765620388,3.06107881629098,0.699746872220386,0.0001529796627761,0.0001529800476335
0.1,157,1.72302930241426,1.51451994542063,3.62973603450278,0.42404541931088,0.0001529837380001,0.0717806770333122
0.1,158,1.43365100737205,1.18970408642771,3.38451201256358,0.961119833935858,0.000152987792758,0.0001530085819126
0.1,159,1.00348427116599,1.40232691637697,2.83871080251473,0.489456222417734,1.62892587047129,0.0001529087939753
0.1,160,1.01817149633873,1.46917680383921,3.73596477711543,0.511929644643365,0.0001530953666169,0.0001529714243774
0.1,161,-1.58750452465627,0.833451906860139,3.25516439920774,0.287994451604647,0.0001530049520125,0.0001530149450432
0.1,162,1.61021162671827,1.34805331345469,2.10534797938488,0.431836453778316,0.0001529798802266,0.0001529555256484
0.1,163,1.5820929139848,1.01086655823056,2.5184693959331,0.474853988713491,0.0001531233897355,0.0001529858077623
0.1,164,1.62152790567705,1.48737411098093,2.77911907846916,0.290794649228792,0.823647449309661,0.0001529821053735
0.1,165,1.80242858775022,-0.659524582963432,4.18111285946587,0.294166611258809,0.0001530065101696,0.0001529557177346
0.1,170,0.80387652583648,1.7489139489458,3.780360120805,0.117394867825841,0.0001530037388227,0.0001529093472982
0.1,171,-1.70894797454323,0.751542889203253,2.65950629715393,0.211931559100459,0.0001530183837494,0.0001529608445685
0.1,172,1.28744023716142,-1.72865176357931,3.82237454630671,0.472278407426772,0.0001530831447587,0.0001529810845871
0.1,173,-1.6746048774324,0.832688354581126,2.25578558481099,0.463860772529382,0.0001530329375766,0.0001529859625705
0.1,175,1.25119826903001,-1.81703186474995,3.74606642207707,0.967149316798829,0.0001531467281891,0.0001529923808257
0.1,178,-1.66599713320532,-1.47965503947747,3.00340313725156,0.795629333688504,0.000152984526401,0.0001529987922294
0.1,179,0.23361699894322,-1.90165233416479,2.55644369568096,0.978412440951292,0.0001530288565603,0.000153021332019
0.1,183,-1.77478689727265,-0.905493334873336,3.42680185929153,0.115797127029966,0.0001529888873775,0.0001529570183278
0.1,184,1.84869019389817,0.774728903125955,3.29212158644589,0.101218263143921,0.000153011451256,0.0001529763853065
0.1,185,-0.857151654872557,-1.67047581753663,2.48076126346414,0.681812867474137,0.0001530016320495,0.0001529822731513
0.1,188,0.51759455254105,1.57639681471654,2.48416500047887,0.772699965937025,0.0001530199851614,0.0001529887843718
0.1,189,0.510232320336254,-1.87546366846195,3.10592274269713,0.962010820889384,0.0001530405621531,0.0001529821312508
0.1,190,1.60463204196396,-0.525894625104955,2.26320651805159,0.806670588833568,0.0001530209555401,0.0001529922042774
0.1,191,1.56105513556367,-1.25789793718752,3.62227356363831,0.168044536555076,1.35328077701125,0.0001529568151064
0.1,192,-0.177372988857148,1.47449267182244,3.69768156885899,0.429112673435234,2.77349352988138,0.0001529667548252
0.1,193,-1.24751536110495,1.37913291246755,2.37788002940451,0.226722654003408,0.0001529987263862,0.0001529414358728
0.1,194,0.334624447403488,-1.47502048927045,4.09792407966811,0.620468559478325,0.0001530314155237,0.0001530102724846
0.1,196,-0.761889534854689,-1.53076724415042,3.99245025735785,0.33391448131855,0.927488278449714,0.000152984063775
0.1,197,1.25518007882779,-1.4992568311898,2.61704344117883,0.410672987644789,0.0001530213591647,0.0001529646840148
0.1,198,1.64370873797537,-1.19790109319865,3.03632802577269,0.522989441342143,0.0001529763610956,0.0001529868030786
0.1,199,1.73091393341605,-0.758552164305705,3.99283326530349,0.667829611206247,0.0001529866433578,0.0001529810865102
0.1,200,1.46425555800163,-0.179119403672795,2.38602992569281,0.502906082869377,0.0005496824397,0.0001529762198393
0.1,203,1.87965759125841,1.1194039555734,4.05647147868724,0.826268941795594,0.0001530062413263,0.0001530238015816
0.1,205,-0.125227360820119,-1.5802792863273,2.63926830563355,0.489534401988522,1.14088868001015,0.0001529616430793
0.1,208,1.45888950502021,-0.0044473861945757,3.46449518383052,0.288266918867135,0.0001530569709131,0.0001530063848559
0.1,210,1.77906291952971,0.0708465735388457,2.82639953634704,0.317779417285341,0.0001529786084254,0.0001529804843468
0.1,211,1.39858956270965,-1.64853400342067,2.33335675546619,0.96456427796188,0.0001529839928398,0.0001529853630446
0.1,212,-0.197823458759626,-1.86718756483453,2.56629777696933,0.956286829325649,0.0001529998500061,0.0001529966698569
0.1,213,-1.48336233939402,-1.68568601137992,2.62001844876829,0.995337364569356,0.0001530255067704,0.0001529829893142
0.1,214,1.81620410903489,-0.412306895193616,3.87592120795268,0.740550525171444,0.0001529859310975,0.0001529837234753
0.1,215,-1.54576963120148,-1.33006967096372,2.23611938814353,0.165773405824313,2.26776663104273,0.0001529089162473
0.1,216,0.686292782371198,-1.5817286386624,3.57688146333323,0.660108938155522,0.0001531020795337,0.0001529592498898
0.1,217,0.0806540044479735,-1.87365542069743,3.05425772143447,0.813335604659545,0.0001531485869217,0.000152980719377
0.1,218,1.40872600127416,1.74484898497476,3.10954063230653,0.917108914401657,0.0001530195196155,0.0001529902500177
0.1,219,0.207627355097942,-1.79211486539411,2.44159248741264,0.949331433538199,0.0001529841840875,0.0001529839593591
0.1,220,1.50661441063338,0.836242077803666,3.87457935757713,0.569313674849325,0.000153008633362,0.0001530123556808
0.1,221,-1.46393908619744,0.856347728529711,3.06262466121098,0.781579186420995,0.0001529829524514,0.0001530545482052
0.1,223,0.816319072396894,-1.6795406144613,2.22481959036303,0.322606284237175,0.0001530678495941,0.0001529606828189
0.1,224,-1.14814335396436,1.57926662424211,3.16777813994132,0.676553665193999,0.0001530116561253,0.0001529802966899
0.1,226,-0.606978131906799,-1.75859166403774,2.78599591699651,0.421326409573011,0.0001529816128448,0.0001529553091201
0.1,228,-0.413828870714919,1.48713426636881,2.52349743954653,0.670927319984518,0.0001533566513562,0.0001529907086372
0.1,229,1.79808249463057,-0.652416832915573,3.91773029205873,0.863237880641336,0.0001529839165223,0.000152983087498
0.1,230,-1.41170607628385,-1.2715283372452,2.59452871798074,0.755975298042952,0.0001530575460887,0.0001529825943943
0.1,231,1.70635050064598,1.15879402856992,3.03946857485297,0.18585934958189,0.0001529773761016,0.0001529550840208
0.1,232,1.92013030114191,0.876807113089055,2.23095927898272,0.696190610530961,2.11679798949688,0.0001530233965511
0.1,235,-1.69654668756534,-1.20183019628342,2.31529870301365,0.993929513880668,0.0001529832974409,0.0001529830610231
0.1,237,-1.48781664416891,-1.7112063640833,3.81620393561627,0.784907131145853,0.0001529867752408,0.0001624336040861
0.1,238,-1.44469130940236,-0.969268445955145,3.71883276432932,0.453212367606532,0.0001529920065802,0.0001530249200525
0.1,239,-1.27247966240342,1.47309002163352,2.52116257642223,0.926583788930868,0.0001529835440696,0.0001529917353018
0.1,240,1.58715363962405,0.970826084799924,2.69577543551671,0.619410327434489,0.0001530189717507,0.0001529921908197
0.1,241,-1.32425974771134,1.46812598448979,4.01095525991356,0.690967966337088,0.000153020981341,0.000152980741233
0.1,242,-1.64518986497178,0.901030641660546,3.55188280724568,0.926415178007893,0.0001529887816152,0.0001529967426467
0.1,243,-0.156884927869097,1.49369295232664,2.75781920746928,0.555362116961439,1.43593504703373,0.0001529602736275
0.1,244,-1.17466512637683,1.60280745604503,3.88966714012442,0.298767504666708,0.0004334921277226,0.0001529556077369
0.1,245,1.49431449642711,0.932452089661124,3.46474221951494,0.492952770791889,0.0001529828732627,0.000153021632965
0.1,246,1.68348960212725,-1.47372925949096,2.41296156822695,0.622079951202509,0.0001529861165682,0.0001530022756677
0.1,247,-1.75568816058054,0.863299858728354,3.0166063132929,0.565028546703641,0.0001529756236566,0.0001529842929384
0.1,248,-0.892489407411185,1.63613008266256,3.38307227261159,0.782898628381593,0.0001530095517103,0.0001529556057108
0.1,249,1.22480511917225,-1.28126756451903,2.26920187322069,0.354246459375567,0.0001529796372511,0.0001529448333078
0.1,250,-0.52434544172091,1.48299960509005,3.49328347667798,0.528702159970989,2.03166321807938,0.0001529589677898
0.01,2,-1.37592543823025,-1.44291170934645,2.89067494432964,0.891081010254041,2.58787403187489e-06,2.58326960686495e-06
0.01,3,-1.37602191865519,1.17610075708118,2.9296875814265,0.61459511684349,2.58526795512749e-06,2.58479485264228e-06
0.01,4,1.46470458309974,0.133844367905286,3.21196966288251,0.487384669288891,2.5827565602396e-06,2.59276066035042e-06
0.01,6,1.87963940864798,-0.753111728817807,3.5984285561575,0.641731087913618,2.58748639500657e-06,2.5884850111048e-06
0.01,8,0.0990257265289514,1.507062547047,3.97522588591352,0.732370395776965,2.59184770302046e-06,2.58149121756287e-06
0.01,10,-1.44202455739183,1.38580916693807,4.05147334043442,0.446060194880331,2.60741737730971e-06,2.55918574537203e-06
0.01,11,-0.831421405859127,-1.49004535067207,2.83083193643822,0.538900361759138,1.69026984195733,2.55949125078183e-06
0.01,12,1.14070384557205,-1.4003302906049,2.63218668823636,0.64058595989352,2.58412906776483e-06,2.56518885823033e-06
0.01,13,-1.73979362805888,-0.992803764372189,3.59429756706184,0.525244019505862,2.58161553427507e-06,2.58278627654415e-06
0.01,14,1.79554214901333,-0.617216025984322,2.66537747432435,0.141083870952145,2.58221723532177e-06,2.55940728990819e-06
0.01,16,1.23358939246584,1.63380224533451,2.34967273932794,0.349132877012175,2.58462567453349e-06,2.55922733062793e-06
0.01,17,-0.239390025041595,1.78913335844726,3.19429472110172,0.276487941464554,2.57675950155715e-06,2.53832873018502e-06
0.01,18,-1.51184706062088,-1.38659438753568,3.57941812031486,0.649702063968191,2.58349126206828e-06,2.57655783427035e-06
0.01,19,1.63728160831513,0.445816941738591,2.6317389400337,0.564915365601381,2.59168713795625e-06,2.57945014041479e-06
0.01,22,-0.753155695642356,1.72847312993445,3.78246195120769,0.297161928191672,2.5899133035582e-06,2.55931889099174e-06
0.01,23,-1.26058217789789,1.68999752470918,3.42046424251083,0.404974584404876,2.57902915566551e-06,2.55918106761917e-06
0.01,24,1.87833851105823,0.828954537253594,4.08700960271134,0.822327111621832,2.59523276550043e-06,2.58414245198931e-06
0.01,25,1.10053129344446,-1.38984382834295,3.35440795204953,0.614843779032371,2.66481924354617e-06,2.55940835456358e-06
0.01,26,1.75799576625676,0.305153440667253,3.81010023751173,0.561400953360775,2.58312096598244e-06,2.57553143338142e-06
0.01,27,1.5793094017106,0.426860185531424,3.94627278873451,0.364139940887309,0.783226719850192,2.56398545815e-06
0.01,28,1.68749694009247,0.945776942498891,2.53850077658473,0.457313537113473,2.58824526842526e-06,2.57533608867967e-06
0.01,29,-1.21606855032342,1.70227405162711,2.95525111650053,0.655359864506021,2.57557494591857e-06,2.57517124496643e-06
0.01,30,-0.698678676946943,-1.54704781663698,3.97939912407862,0.410700828521523,0.0985540342298909,2.56601567308768e-06
0.01,32,1.31495003660772,-1.50134927518693,3.72912391881286,0.544191922306107,2.58411807073043e-06,2.55917135936185e-06
0.01,33,-0.572986693225643,1.68336753046949,2.6699475173533,0.732032889428498,2.58126988207618e-06,2.57524396599859e-06
0.01,34,-1.43630310010095,0.365101742979717,3.49250834207232,0.347258372967568,2.6064294140627e-06,2.57828276115806e-06
0.01,36,0.916028672163949,1.67942246565104,2.29485919870236,0.95955446033649,2.58358758174005e-06,2.58312771513163e-06
0.01,37,1.45241370350237,-1.10158070824007,2.58018396451282,0.33184649830035,2.58388108296157e-06,2.56769408543625e-06
0.01,38,-1.74576659885591,-1.29445205397511,3.13482117861909,0.717930922143346,2.5809449655199e-06,2.58777375925833e-06
0.01,39,0.918424713352256,1.6593836042724,3.55030245184578,0.510612858059988,2.58633776624837e-06,2.55949896321033e-06
0.01,40,1.54885097030531,0.322353401112174,2.99121427874005,0.208922500436674,2.59167718833711e-06,2.57093144522708e-06
0.01,41,0.245108790277985,1.84428126987782,2.31244184217527,0.419294162652386,2.60005831096e-06,2.57780628967291e-06
0.01,42,0.0909313175279762,-1.65860132768542,2.66859585970491,0.710802961005308,2.58821448075508e-06,2.57567064081632e-06
0.01,44,0.0342827646588111,1.59221715776285,2.83789762669528,0.886328734119711,2.58711696588242e-06,2.57566293726597e-06
0.01,45,1.63026589570437,-1.17944143807197,2.23979605862993,0.751575749919484,2.58322453889651e-06,2.57611478401413e-06
0.01,46,-0.358468307857481,-1.85380132860762,2.23600252444098,0.912207976557257,2.58418448786296e-06,2.58714376457904e-06
0.01,47,1.71879060937029,0.0975610773103202,3.21061928032863,0.365536636888741,2.58115920591924e-06,2.57703811535946e-06
0.01,50,-1.25371976445586,-1.27228747801892,3.48054786018561,0.602778156805383,2.58278349458609e-06,2.58418693689039e-06
0.01,51,1.57023599395991,1.44714248405407,3.26261395992911,0.408850617855392,2.58275091311661e-06,2.57491577154664e-06
0.01,52,0.157368967662603,1.78446184853453,3.62466595259936,0.756256138794503,2.58266833733765e-06,2.57514258485205e-06
0.01,53,1.58436519969397,-0.917021307425785,2.22035693018273,0.861043926690916,2.57987890469487e-06,2.5792027540608e-06
0.01,55,-0.649539314385488,-1.5835656720617,3.76038160447006,0.487886698461967,0.194242672351673,2.56217679069066e-06
0.01,56,1.77163881565008,1.19966434149276,4.03627178655856,0.386980136489025,2.59849116516537e-06,2.57656183263824e-06
0.01,57,-0.545481590482824,-1.60223442896262,4.17304768851974,0.735027276379442,2.58707207041851e-06,2.58853265693708e-06
0.01,58,1.88712833088384,-1.02731123600218,4.03590138952759,0.719564516642923,1.26400426055099,2.58650719821032e-06
0.01,59,1.84978917976844,0.889067727422637,3.22527867155508,0.437097598318109,2.58176956140747e-06,2.5877543040308e-06
0.01,63,-0.885414143053554,-1.65796587658213,3.57878652619323,0.673212085709269,2.58133643361977e-06,2.57539921315402e-06
0.01,64,1.63306354386661,-1.16845497941589,2.17012922626493,0.406543749923163,2.58465345416248e-06,2.55989667925684e-06
0.01,66,-1.42042051163511,-1.27425825964081,2.64545678019255,0.468666005405709,0.334826393131885,2.57601656359233e-06
0.01,67,1.9426018164424,-0.314301797630008,2.27795364197567,0.709408575761508,1.63501531914728,2.60374186170432e-06
0.01,68,-1.031778913954,1.5706868443079,4.05675497809844,0.645201324507421,2.59673511473467e-06,2.57706156668372e-06
0.01,71,0.363571772752967,-1.43954729693419,3.80645776830989,0.449188083952183,1.76461166725206,2.56427517795053e-06
0.01,73,0.0483722331971239,1.57820890757637,3.91244878275389,0.780592252555159,2.58764530192136e-06,2.57889069048526e-06
0.01,74,1.74691995494694,0.533912879304589,2.45782399672609,0.382570045639618,2.58569072789494e-06,2.5750457043083e-06
0.01,75,-1.44991622341603,-0.968449258267191,3.54989725939333,0.899563305077813,2.58269104217464e-06,2.60092204163076e-06
0.01,76,-1.54610591503764,1.3397209471972,4.13770832891904,0.844036623767339,2.57674661894815e-06,2.57487840650915e-06
0.01,77,1.50935741352392,0.102760729210743,3.8169943666826,0.359564894036871,0.903692624384729,2.56670868415501e-06
0.01,78,0.220803246397849,1.657195226242,3.11449519972981,0.406348393829055,1.19466707873887,2.53836269881386e-06
0.01,79,0.118602313424026,-1.52899566843944,3.36412828603033,0.587266846612827,1.11824318738056,2.53882035135613e-06
0.01,80,-1.6275889287764,-0.903779117251176,2.46057626703655,0.59834033682221,2.59644816176838e-06,2.57705597819782e-06
0.01,81,1.58886303181331,0.216712010063174,3.14696703156719,0.587534331169004,2.58120264815383e-06,2.59521902036881e-06
0.01,82,1.60167222865332,0.605681553407457,2.92935299526477,0.785711631344383,2.58480305729195e-06,2.59208594291821e-06
0.01,84,0.903822715480957,-1.45245747972477,2.14845543389163,0.333401407585385,2.60238893886243e-06,2.57058621210785e-06
0.01,86,1.54834569706047,1.49556031025006,4.11153867514644,0.151882823979122,2.58637172692817e-06,2.53862784002313e-06
0.01,87,-1.6634401400198,0.660146698185022,3.00021654056327,0.969775647279767,2.58137723398524e-06,2.58718248890263e-06
0.01,88,-1.35348514362154,-1.2985148855062,2.74746128437415,0.601937943625039,2.63534079020957e-06,2.57619254246747e-06
0.01,91,0.654007076432223,-1.81213613289978,2.54686441377123,0.663610889278957,2.58307492141747e-06,2.57562652425525e-06
0.01,92,0.194935157466344,-1.66880532829949,2.41279521022788,0.994463550009728,2.58691064613518e-06,2.58433638320695e-06
0.01,93,0.273234413341886,1.74731895729903,2.34862312502382,0.967625962448962,2.58289970544385e-06,2.58270757411633e-06
0.01,94,-1.62530092868763,0.930288388841001,2.72957308613634,0.918509149843518,2.5834240990679e-06,2.58823286110701e-06
0.01,95,-0.939190529273098,-1.87526745975486,3.54405442650329,0.580047965888826,2.36379907405067,2.58363699938271e-06
0.01,96,1.89204221900978,0.380311722801019,3.16132631264083,0.217587109441117,2.58213768461765e-06,2.59124332758584e-06
0.01,97,-0.427609101332958,-1.794296746063,4.18187211167358,0.811458814847396,2.58109801946251e-06,2.58350771544867e-06
0.01,99,0.307615538505436,-1.57360698746491,3.1982281631679,0.949637884442858,2.57325612162017e-06,2.55933435311633e-06
0.01,100,-0.0299292247245444,-1.69944887305676,2.98678205482431,0.233916372464604,2.85941637700872,2.5383833559984e-06
0.01,101,-1.2915572823718,1.2764092706968,2.96174642784509,0.437796917127642,2.60900154788661e-06,2.56578042089396e-06
0.01,102,1.76183433741166,1.19766351587592,3.82758641791323,0.357205199973283,2.58882308249893e-06,2.57643605257976e-06
0.01,103,1.81571430801035,0.778785883417707,3.63087346808621,0.282900781977479,2.58678463390274e-06,2.57569264345357e-06
0.01,104,1.65945756088179,-0.911419451080149,3.70562350388274,0.785618372239927,2.58472528025644e-06,2.58446775030605e-06
0.01,106,-0.287263406730743,1.66925430184897,2.13459131297518,0.619551126309818,2.58749566296958e-06,2.58547221566004e-06
0.01,107,1.40454668606743,1.49178334350563,2.11978079344458,0.616176056310016,2.58524751535439e-06,2.57498011614725e-06
0.01,109,1.74461909664312,0.76910625807141,4.10412772663006,0.86856577025988,2.58313049430237e-06,2.5835498912048e-06
0.01,111,0.0733186094549469,-1.84229275452598,3.11696494855849,0.559389240103809,2.59965034364372e-06,2.55922270067256e-06
0.01,112,1.50949228771182,0.822300690062754,2.40865629084891,0.663933259983889,2.60059317853022e-06,2.57787160312747e-06
0.01,113,0.963074471016818,1.70099326966266,2.77439477353671,0.933744346057078,2.5753934636226e-06,2.57495352268044e-06
0.01,114,-0.562035395120979,1.66195319035217,2.88165368584947,0.718949838187505,2.58636182283536e-06,2.55934832680869e-06
0.01,115,-0.825632622942027,-1.8642160856568,2.92058428824057,0.750436261928406,0.141139355783511,2.57500960605897e-06
0.01,116,1.46828927432041,1.69758478150612,3.96277290582958,0.369456029534513,2.58327249887078e-06,2.57159782901835e-06
0.01,117,0.0453695954437512,1.77706595645374,3.74248170062291,0.823993486911554,2.58269161481533e-06,2.58283991605698e-06
0.01,118,1.1931807158671,1.44817060395725,3.53562106060763,0.289634467480483,0.67786037849591,2.5411907819677e-06
0.01,120,0.313120563984696,-1.69218719348316,3.47534272780473,0.764082566705377,2.57914912920724e-06,2.57530495899423e-06
0.01,121,-1.85623090481303,0.785155103512559,3.96912531459423,0.850730137300608,2.59395943888897e-06,2.58510285405113e-06
0.01,122,-0.853834991486862,-1.73857463680423,2.23399080970802,0.778085130031272,2.58292857316242e-06,2.5827166003046e-06
0.01,123,-1.85060724500314,1.16289265935585,3.63887277594283,0.789504339516028,0.0001562516342489,2.59879051233914e-06
0.01,124,-1.49175794939246,1.54391099294475,2.18167462131735,0.179744242572711,2.58294714553016e-06,2.53874577282911e-06
0.01,126,0.491561903276001,1.48039549560372,2.24363484403732,0.466395840213065,0.168615047690204,2.56701923498664e-06
0.01,128,0.162540486440426,1.75627079405158,2.83424312227342,0.8274116890083,2.57497879237375e-06,2.57489335204927e-06
0.01,129,1.90340831785014,-0.597152738193159,3.71682566415066,0.959603686562531,2.58545137430549e-06,2.58560214532467e-06
0.01,132,-1.30682271971662,-1.55810354747442,3.70545229587286,0.352904049017842,2.57882929725022e-06,2.56021921202977e-06
0.01,133,0.640789506870925,-1.83162724145455,3.3824752505621,0.389346131123094,2.72303187640263e-06,2.55923656617537e-06
0.01,135,-1.00907604199537,1.7998447358009,2.7076801419325,0.683035701391476,2.58795278509399e-06,2.57723462175685e-06
0.01,136,1.03138444185748,-1.64235599075096,3.35497295594814,0.899793172238859,2.57780517897502e-06,2.57492040769607e-06
0.01,137,-1.53570943797234,1.51647323024866,3.66115590562211,0.504414767835678,2.58574593502069e-06,2.5748745713547e-06
0.01,140,-1.60866335739599,-1.07331319446623,2.56482893976001,0.742557369255931,2.58917366331004e-06,2.5841383521421e-06
0.01,141,-0.0335364995326706,1.7709270965405,2.87385989439073,0.840281314945777,2.57488913864432e-06,2.57487256127954e-06
0.01,142,-1.81878396091182,-1.25424695142298,2.50797632922303,0.547025880536152,2.70478319519913,2.59296116077986e-06
0.01,143,0.0125450343203508,-1.76862929374641,2.69319688151666,0.666601927202563,2.58288081036567e-06,2.57487921576287e-06
0.01,144,0.63477452647578,1.5351435398537,3.89844420412522,0.77378071071358,2.58778426087129e-06,2.57936632179802e-06
0.01,145,-1.34826229167428,1.71100913278085,3.86733058745173,0.385828115735005,1.20970754369522,2.55961727116978e-06
0.01,146,1.76092096569983,0.784082472215169,3.8578727477883,0.736278838710145,2.58273400860231e-06,2.5833131657543e-06
0.01,147,1.7658592351061,0.371759739366813,4.15668258232811,0.384643134756376,2.5834414354113e-06,2.55927575195631e-06
0.01,148,1.62140256782425,1.50984345052152,2.43958244525877,0.343353957746073,1.89116301814302,2.55934283443393e-06
0.01,150,-1.59688799449029,1.55499231947591,3.80716069205458,0.810039224598406,2.60018763742658e-06,2.58265801349415e-06
0.01,151,-1.62222815697629,1.4485104690618,3.15385050504391,0.490435677618877,2.58501115586951e-06,2.58387365308537e-06
0.01,152,1.37950124387782,-1.65205296035436,3.33081641399918,0.180360572073016,1.22278055724158,2.53845353839575e-06
0.01,153,-1.52734068951337,0.89368045475434,3.53719310511756,0.669440690873741,2.59036365010543e-06,2.59114763857244e-06
0.01,155,1.50988805410821,-1.11926719220075,3.68848432190237,0.250257779872479,2.80910892471965,2.56090495777637e-06
0.01,156,1.21392372153939,-1.6954765620388,3.06107881629098,0.699746872220386,2.57489340738286e-06,2.57498868160082e-06
0.01,157,1.72302930241426,1.51451994542063,3.62973603450278,0.42404541931088,2.58286201408272e-06,0.0847584863008142
0.01,158,1.43365100737205,1.18970408642771,3.38451201256358,0.961119833935858,2.58390835571012e-06,2.59184134151608e-06
0.01,159,1.00348427116599,1.40232691637697,2.83871080251473,0.489456222417734,1.58892803553168,2.53832680094232e-06
0.01,160,1.01817149633873,1.46917680383921,3.73596477711543,0.511929644643365,2.60070247599301e-06,2.56395953477706e-06
0.01,161,-1.58750452465627,0.833451906860139,3.25516439920774,0.287994451604647,2.58874777142128e-06,2.58492634289991e-06
0.01,162,1.61021162671827,1.34805331345469,2.10534797938488,0.431836453778316,2.57489203178574e-06,2.55917629127756e-06
0.01,163,1.5820929139848,1.01086655823056,2.5184693959331,0.474853988713491,2.61283909489627e-06,2.57652366113435e-06
0.01,164,1.62152790567705,1.48737411098093,2.77911907846916,0.290794649228792,0.934371759386524,2.57571801720706e-06
0.01,165,1.80242858775022,-0.659524582963432,4.18111285946587,0.294166611258809,2.58965873488386e-06,2.55929194281186e-06
0.01,170,0.80387652583648,1.7489139489458,3.780360120805,0.117394867825841,2.58844866757076e-06,2.5383331985787e-06
0.01,171,-1.70894797454323,0.751542889203253,2.65950629715393,0.211931559100459,2.5929585524619e-06,2.56063313792694e-06
0.01,172,1.28744023716142,-1.72865176357931,3.82237454630671,0.472278407426772,2.61219706278725e-06,2.57520590000017e-06
0.01,173,-1.6746048774324,0.832688354581126,2.25578558481099,0.463860772529382,2.59418779472138e-06,2.57645222908573e-06
0.01,175,1.25119826903001,-1.81703186474995,3.74606642207707,0.967149316798829,2.62690883852459e-06,2.58444809913982e-06
0.01,178,-1.66599713320532,-1.47965503947747,3.00340313725156,0.795629333688504,2.5829939595004e-06,2.5879244207459e-06
0.01,179,0.23361699894322,-1.90165233416479,2.55644369568096,0.978412440951292,2.59664587363276e-06,2.59212268173641e-06
0.01,183,-1.77478689727265,-0.905493334873336,3.42680185929153,0.115797127029966,2.58392037342209e-06,2.55953493262324e-06
0.01,184,1.84869019389817,0.774728903125955,3.29212158644589,0.101218263143921,2.5903702661856e-06,2.56510037564248e-06
0.01,185,-0.857151654872557,-1.67047581753663,2.48076126346414,0.681812867474137,2.58789088270735e-06,2.57561734662225e-06
0.01,188,0.51759455254105,1.57639681471654,2.48416500047887,0.772699965937025,2.58601105620251e-06,2.57817405837649e-06
0.01,189,0.510232320336254,-1.87546366846195,3.10592274269713,0.962010820889384,2.5913059083251e-06,2.5751676987648e-06
0.01,190,1.60463204196396,-0.525894625104955,2.26320651805159,0.806670588833568,2.59338399827522e-06,2.57846280534853e-06
0.01,191,1.56105513556367,-1.25789793718752,3.62227356363831,0.168044536555076,1.41179366095817,2.55961986895784e-06
0.01,192,-0.177372988857148,1.47449267182244,3.69768156885899,0.429112673435234,2.74876300189092,2.56258988560328e-06
0.01,193,-1.24751536110495,1.37913291246755,2.37788002940451,0.226722654003408,2.58019667041727e-06,2.5458014176567e-06
0.01,194,0.334624447403488,-1.47502048927045,4.09792407966811,0.620468559478325,2.59495355201003e-06,2.58495956793204e-06
0.01,196,-0.761889534854689,-1.53076724415042,3.99245025735785,0.33391448131855,0.94142438930025,2.56707083572517e-06
0.01,197,1.25518007882779,-1.4992568311898,2.61704344117883,0.410672987644789,2.58486557547122e-06,2.56186189075258e-06
0.01,198,1.64370873797537,-1.19790109319865,3.03632802577269,0.522989441342143,2.58124121008986e-06,2.58330602410828e-06
0.01,199,1.73091393341605,-0.758552164305705,3.99283326530349,0.667829611206247,2.58354968938173e-06,2.57512948348957e-06
0.01,200,1.46425555800163,-0.179119403672795,2.38602992569281,0.502906082869377,2.27602460269484e-05,2.56538517142472e-06
0.01,203,1.87965759125841,1.1194039555734,4.05647147868724,0.826268941795594,2.66688195829499e-06,2.58947392741092e-06
0.01,205,-0.125227360820119,-1.5802792863273,2.63926830563355,0.489534401988522,1.14245701650646,2.56126287307518e-06
0.01,208,1.45888950502021,-0.0044473861945757,3.46449518383052,0.288266918867135,2.60378865606005e-06,2.57301977669133e-06
0.01,210,1.77906291952971,0.0708465735388457,2.82639953634704,0.317779417285341,2.58162685432961e-06,2.57489547464983e-06
0.01,211,1.39858956270965,-1.64853400342067,2.33335675546619,0.96456427796188,2.58279091413886e-06,2.58313609053084e-06
0.01,212,-0.197823458759626,-1.86718756483453,2.56629777696933,0.956286829325649,2.5891066539223e-06,2.58611147675383e-06
0.01,213,-1.48336233939402,-1.68568601137992,2.62001844876829,0.995337364569356,2.59572364245543e-06,2.58283858660559e-06
0.01,214,1.81620410903489,-0.412306895193616,3.87592120795268,0.740550525171444,2.58306620895825e-06,2.5827099850503e-06
0.01,215,-1.54576963120148,-1.33006967096372,2.23611938814353,0.165773405824313,2.27637662215139,2.53834793837285e-06
0.01,216,0.686292782371198,-1.5817286386624,3.57688146333323,0.660108938155522,2.60266102237228e-06,2.56050362378039e-06
0.01,217,0.0806540044479735,-1.87365542069743,3.05425772143447,0.813335604659545,2.60921197780449e-06,2.57505090607849e-06
0.01,218,1.40872600127416,1.74484898497476,3.10954063230653,0.917108914401657,2.59279655429906e-06,2.58480258582088e-06
0.01,219,0.207627355097942,-1.79211486539411,2.44159248741264,0.949331433538199,2.58270492915019e-06,2.58285076464045e-06
0.01,220,1.50661441063338,0.836242077803666,3.87457935757713,0.569313674849325,2.58455265009571e-06,2.58448833656863e-06
0.01,221,-1.46393908619744,0.856347728529711,3.06262466121098,0.781579186420995,2.58281527051828e-06,2.59897154597882e-06
0.01,223,0.816319072396894,-1.6795406144613,2.22481959036303,0.322606284237175,2.59856986077973e-06,2.56089513183193e-06
0.01,224,-1.14814335396436,1.57926662424211,3.16777813994132,0.676553665193999,2.58325263648716e-06,2.57506880360358e-06
0.01,226,-0.606978131906799,-1.75859166403774,2.78599591699651,0.421326409573011,2.57534529119213e-06,2.55920504843218e-06
0.01,228,-0.413828870714919,1.48713426636881,2.52349743954653,0.670927319984518,2.62046307244921e-06,2.57909482538166e-06
0.01,229,1.79808249463057,-0.652416832915573,3.91773029205873,0.863237880641336,2.58276905809433e-06,2.58263961404387e-06
0.01,230,-1.41170607628385,-1.2715283372452,2.59452871798074,0.755975298042952,2.60026129675535e-06,2.57573591628066e-06
0.01,231,1.70635050064598,1.15879402856992,3.03946857485297,0.18585934958189,2.58119423104796e-06,2.55922691046431e-06
0.01,232,1.92013030114191,0.876807113089055,2.23095927898272,0.696190610530961,2.2014166677609,2.59467077652316e-06
0.01,235,-1.69654668756534,-1.20183019628342,2.31529870301365,0.993929513880668,2.58267297617117e-06,2.58278996252503e-06
0.01,237,-1.48781664416891,-1.7112063640833,3.81620393561627,0.784907131145853,2.58395404711052e-06,2.71484362839426e-06
0.01,238,-1.44469130940236,-0.969268445955145,3.71883276432932,0.453212367606532,2.58629963851583e-06,2.57492107742863e-06
0.01,239,-1.27247966240342,1.47309002163352,2.52116257642223,0.926583788930868,2.57582139191127e-06,2.5783486718747e-06
0.01,240,1.58715363962405,0.970826084799924,2.69577543551671,0.619410327434489,2.59265891716117e-06,2.58571598581954e-06
0.01,241,-1.32425974771134,1.46812598448979,4.01095525991356,0.690967966337088,2.58539675984789e-06,2.57505385372762e-06
0.01,242,-1.64518986497178,0.901030641660546,3.55188280724568,0.926415178007893,2.58390020907813e-06,2.58660415535393e-06
0.01,243,-0.156884927869097,1.49369295232664,2.75781920746928,0.555362116961439,1.43457563366764,2.56071244861129e-06
0.01,244,-1.17466512637683,1.60280745604503,3.88966714012442,0.298767504666708,4.41109445388345e-06,2.55942485718673e-06
0.01,245,1.49431449642711,0.932452089661124,3.46474221951494,0.492952770791889,2.58270803257988e-06,2.58750707510913e-06
0.01,246,1.68348960212725,-1.47372925949096,2.41296156822695,0.622079951202509,2.58321672973747e-06,2.58206008473221e-06
0.01,247,-1.75568816058054,0.863299858728354,3.0166063132929,0.565028546703641,2.58129171860943e-06,2.58268436136655e-06
0.01,248,-0.892489407411185,1.63613008266256,3.38307227261159,0.782898628381593,2.58351625509366e-06,2.5592784518431e-06
0.01,249,1.22480511917225,-1.28126756451903,2.26920187322069,0.354246459375567,2.57487996452129e-06,2.54660642679625e-06
0.01,250,-0.52434544172091,1.48299960509005,3.49328347667798,0.528702159970989,2.01141501236186,2.5604100806985e-06
0.001,2,-1.37592543823025,-1.44291170934645,2.89067494432964,0.891081010254041,2.42302636839817e-06,2.41195206968637e-06
0.001,3,-1.37602191865519,1.17610075708118,2.9296875814265,0.61459511684349,2.41775595288513e-06,2.41348402036584e-06
0.001,4,1.46470458309974,0.133844367905286,3.21196966288251,0.487384669288891,2.41141480370589e-06,2.43457641285746e-06
0.001,6,1.87963940864798,-0.753111728817807,3.5984285561575,0.641731087913618,2.44175006564619e-06,2.435594736374e-06
0.001,8,0.0990257265289514,1.507062547047,3.97522588591352,0.732370395776965,2.43077374960114e-06,2.40806027956095e-06
0.001,10,-1.44202455739183,1.38580916693807,4.05147334043442,0.446060194880331,2.47509232875555e-06,2.34093895113386e-06
0.001,11,-0.831421405859127,-1.49004535067207,2.83083193643822,0.538900361759138,1.69029238850563,2.34170283823698e-06
0.001,12,1.14070384557205,-1.4003302906049,2.63218668823636,0.64058595989352,2.40865519090795e-06,2.35719996292565e-06
0.001,13,-1.73979362805888,-0.992803764372189,3.59429756706184,0.525244019505862,2.41405148420027e-06,2.41126686859433e-06
0.001,14,1.79554214901333,-0.617216025984322,2.66537747432435,0.141083870952145,2.41690550315513e-06,2.34172798736325e-06
0.001,16,1.23358939246584,1.63380224533451,2.34967273932794,0.349132877012175,2.41510397845942e-06,2.3410434805517e-06
0.001,17,-0.239390025041595,1.78913335844726,3.19429472110172,0.276487941464554,2.39085594377143e-06,2.28101542015434e-06
0.001,18,-1.51184706062088,-1.38659438753568,3.57941812031486,0.649702063968191,2.41344154737794e-06,2.38914167585308e-06
0.001,19,1.63728160831513,0.445816941738591,2.6317389400337,0.564915365601381,2.43084103845286e-06,2.39726282124757e-06
0.001,22,-0.753155695642356,1.72847312993445,3.78246195120769,0.297161928191672,2.43056655422703e-06,2.34134842946243e-06
0.001,23,-1.26058217789789,1.68999752470918,3.42046424251083,0.404974584404876,2.39905092197369e-06,2.34094296854852e-06
0.001,24,1.87833851105823,0.828954537253594,4.08700960271134,0.822327111621832,2.46723757256622e-06,2.41977738073855e-06
0.001,25,1.10053129344446,-1.38984382834295,3.35440795204953,0.614843779032371,2.66829960621867e-06,2.34167843552237e-06
0.001,26,1.75799576625676,0.305153440667253,3.81010023751173,0.561400953360775,2.41165526760246e-06,2.38726339016425e-06
0.001,27,1.5793094017106,0.426860185531424,3.94627278873451,0.364139940887309,0.783333779589138,2.35335429204449e-06
0.001,28,1.68749694009247,0.945776942498891,2.53850077658473,0.457313537113473,2.42136609237479e-06,2.38735239067053e-06
0.001,29,-1.21606855032342,1.70227405162711,2.95525111650053,0.655359864506021,2.38869808307316e-06,2.38715639387635e-06
0.001,30,-0.698678676946943,-1.54704781663698,3.97939912407862,0.410700828521523,0.0985685408639553,2.36101720860742e-06
0.001,32,1.31495003660772,-1.50134927518693,3.72912391881286,0.544191922306107,2.40829347356528e-06,2.34089769178805e-06
0.001,33,-0.572986693225643,1.68336753046949,2.6699475173533,0.732032889428498,2.4027900292816e-06,2.38799323659267e-06
0.001,34,-1.43630310010095,0.365101742979717,3.49250834207232,0.347258372967568,2.48330344824804e-06,2.39791201020341e-06
0.001,36,0.916028672163949,1.67942246565104,2.29485919870236,0.95955446033649,2.4131921862128e-06,2.41260456503851e-06
0.001,37,1.45241370350237,-1.10158070824007,2.58018396451282,0.33184649830035,2.41478298621564e-06,2.36308089331891e-06
0.001,38,-1.74576659885591,-1.29445205397511,3.13482117861909,0.717930922143346,2.4128647988663e-06,2.43697039444539e-06
0.001,39,0.918424713352256,1.6593836042724,3.55030245184578,0.510612858059988,2.41659449643421e-06,2.34207290274094e-06
0.001,40,1.54885097030531,0.322353401112174,2.99121427874005,0.208922500436674,2.43364727185126e-06,2.37266004621263e-06
0.001,41,0.245108790277985,1.84428126987782,2.31244184217527,0.419294162652386,2.47702415041917e-06,2.39370783327877e-06
0.001,42,0.0909313175279762,-1.65860132768542,2.66859585970491,0.710802961005308,2.42381065926166e-06,2.3888024556425e-06
0.001,44,0.0342827646588111,1.59221715776285,2.83789762669528,0.886328734119711,2.42307875111722e-06,2.38877373488152e-06
0.001,45,1.63026589570437,-1.17944143807197,2.23979605862993,0.751575749919484,2.41229547313032e-06,2.38839309171648e-06
0.001,46,-0.358468307857481,-1.85380132860762,2.23600252444098,0.912207976557257,2.41574981857302e-06,2.42281767630066e-06
0.001,47,1.71879060937029,0.0975610773103202,3.21061928032863,0.365536636888741,2.41250216071309e-06,2.39101510541354e-06
0.001,50,-1.25371976445586,-1.27228747801892,3.48054786018561,0.602778156805383,2.40843055252456e-06,2.40956597706451e-06
0.001,51,1.57023599395991,1.44714248405407,3.26261395992911,0.408850617855392,2.41105068442962e-06,2.3867677477327e-06
0.001,52,0.157368967662603,1.78446184853453,3.62466595259936,0.756256138794503,2.41122015309175e-06,2.38675581801646e-06
0.001,53,1.58436519969397,-0.917021307425785,2.22035693018273,0.861043926690916,2.39842982245224e-06,2.39546741565843e-06
0.001,55,-0.649539314385488,-1.5835656720617,3.76038160447006,0.487886698461967,0.194261460602882,2.35003002594485e-06
0.001,56,1.77163881565008,1.19966434149276,4.03627178655856,0.386980136489025,2.47307871979662e-06,2.39259795027884e-06
0.001,57,-0.545481590482824,-1.60223442896262,4.17304768851974,0.735027276379442,2.42304068548769e-06,2.42893117271924e-06
0.001,58,1.88712833088384,-1.02731123600218,4.03590138952759,0.719564516642923,1.26380731921985,2.42375690176192e-06
0.001,59,1.84978917976844,0.889067727422637,3.22527867155508,0.437097598318109,2.41331850964204e-06,2.43347316988572e-06
0.001,63,-0.885414143053554,-1.65796587658213,3.57878652619323,0.673212085709269,2.40480783473418e-06,2.38794002276507e-06
0.001,64,1.63306354386661,-1.16845497941589,2.17012922626493,0.406543749923163,2.41551003862171e-06,2.34244431758503e-06
0.001,66,-1.42042051163511,-1.27425825964081,2.64545678019255,0.468666005405709,0.334817641557247,2.38911668864543e-06
0.001,67,1.9426018164424,-0.314301797630008,2.27795364197567,0.709408575761508,1.63526580403786,2.51001924390054e-06
0.001,68,-1.031778913954,1.5706868443079,4.05675497809844,0.645201324507421,2.44732392119128e-06,2.39260515698968e-06
0.001,71,0.363571772752967,-1.43954729693419,3.80645776830989,0.449188083952183,1.76465888981422,2.35513193715727e-06
0.001,73,0.0483722331971239,1.57820890757637,3.91244878275389,0.780592252555159,2.41950068308332e-06,2.39986115478615e-06
0.001,74,1.74691995494694,0.533912879304589,2.45782399672609,0.382570045639618,2.4165277104337e-06,2.38670577755967e-06
0.001,75,-1.44991622341603,-0.968449258267191,3.54989725939333,0.899563305077813,2.41118970134214e-06,2.45417322922141e-06
0.001,76,-1.54610591503764,1.3397209471972,4.13770832891904,0.844036623767339,2.39033267325329e-06,2.3863667683438e-06
0.001,77,1.50935741352392,0.102760729210743,3.8169943666826,0.359564894036871,0.903806431895208,2.36115049596707e-06
0.001,78,0.220803246397849,1.657195226242,3.11449519972981,0.406348393829055,1.19468807481653,2.28106775204226e-06
0.001,79,0.118602313424026,-1.52899566843944,3.36412828603033,0.587266846612827,1.11825852855471,2.28256926475243e-06
0.001,80,-1.6275889287764,-0.903779117251176,2.46057626703655,0.59834033682221,2.44303608138698e-06,2.39143364546435e-06
0.001,81,1.58886303181331,0.216712010063174,3.14696703156719,0.587534331169004,2.41263591094807e-06,2.44036598715688e-06
0.001,82,1.60167222865332,0.605681553407457,2.92935299526477,0.785711631344383,2.41548521248765e-06,2.43121441861581e-06
0.001,84,0.903822715480957,-1.45245747972477,2.14845543389163,0.333401407585385,2.46236982257972e-06,2.37295632093977e-06
0.001,86,1.54834569706047,1.49556031025006,4.11153867514644,0.151882823979122,2.42269780478541e-06,2.28198671603134e-06
0.001,87,-1.6634401400198,0.660146698185022,3.00021654056327,0.969775647279767,2.41323237114963e-06,2.42439784466623e-06
0.001,88,-1.35348514362154,-1.2985148855062,2.74746128437415,0.601937943625039,2.58125614788741e-06,2.38944765510181e-06
0.001,91,0.654007076432223,-1.81213613289978,2.54686441377123,0.663610889278957,2.41277555733464e-06,2.38818681390285e-06
0.001,92,0.194935157466344,-1.66880532829949,2.41279521022788,0.994463550009728,2.42211963768211e-06,2.41636183310172e-06
0.001,93,0.273234413341886,1.74731895729903,2.34862312502382,0.967625962448962,2.41162110218997e-06,2.41151261398878e-06
0.001,94,-1.62530092868763,0.930288388841001,2.72957308613634,0.918509149843518,2.41301779278076e-06,2.42313080180887e-06
0.001,95,-0.939190529273098,-1.87526745975486,3.54405442650329,0.580047965888826,2.36380112945105,2.41045791033032e-06
0.001,96,1.89204221900978,0.380311722801019,3.16132631264083,0.217587109441117,2.41442514022938e-06,2.44495224797122e-06
0.001,97,-0.427609101332958,-1.794296746063,4.18187211167358,0.811458814847396,2.41253433981125e-06,2.41282272836739e-06
0.001,99,0.307615538505436,-1.57360698746491,3.1982281631679,0.949637884442858,2.38315333946777e-06,2.34125078233318e-06
0.001,100,-0.0299292247245444,-1.69944887305676,2.98678205482431,0.233916372464604,2.85941604095409,2.28109291072374e-06
0.001,101,-1.2915572823718,1.2764092706968,2.96174642784509,0.437796917127642,2.48226948772252e-06,2.35961815222383e-06
0.001,102,1.76183433741166,1.19766351587592,3.82758641791323,0.357205199973283,2.43174447099531e-06,2.39244224229381e-06
0.001,103,1.81571430801035,0.778785883417707,3.63087346808621,0.282900781977479,2.43102014189002e-06,2.38975958315329e-06
0.001,104,1.65945756088179,-0.911419451080149,3.70562350388274,0.785618372239927,2.4149454212008e-06,2.4151009980129e-06
0.001,106,-0.287263406730743,1.66925430184897,2.13459131297518,0.619551126309818,2.42174231349114e-06,2.41996355542352e-06
0.001,107,1.40454668606743,1.49178334350563,2.11978079344458,0.616176056310016,2.41648612536562e-06,2.38665296622105e-06
0.001,109,1.74461909664312,0.76910625807141,4.10412772663006,0.86856577025988,2.41158273222365e-06,2.41216236965977e-06
0.001,111,0.0733186094549469,-1.84229275452598,3.11696494855849,0.559389240103809,2.45417173600808e-06,2.34096296669983e-06
0.001,112,1.50949228771182,0.822300690062754,2.40865629084891,0.663933259983889,2.4482015209872e-06,2.39434368591947e-06
0.001,113,0.963074471016818,1.70099326966266,2.77439477353671,0.933744346057078,2.38765691674682e-06,2.38661941845235e-06
0.001,114,-0.562035395120979,1.66195319035217,2.88165368584947,0.718949838187505,2.41863194324513e-06,2.34166507973931e-06
0.001,115,-0.825632622942027,-1.8642160856568,2.92058428824057,0.750436261928406,0.141131240773834,2.38667559790614e-06
0.001,116,1.46828927432041,1.69758478150612,3.96277290582958,0.369456029534513,2.41315553683487e-06,2.37980397231043e-06
0.001,117,0.0453695954437512,1.77706595645374,3.74248170062291,0.823993486911554,2.41118913361947e-06,2.41134607962213e-06
0.001,118,1.1931807158671,1.44817060395725,3.53562106060763,0.289634467480483,0.677663193763741,2.28964576000283e-06
0.001,120,0.313120563984696,-1.69218719348316,3.47534272780473,0.764082566705377,2.39899418597748e-06,2.38759532488224e-06
0.001,121,-1.85623090481303,0.785155103512559,3.96912531459423,0.850730137300608,2.4556562643592e-06,2.42030331098605e-06
0.001,122,-0.853834991486862,-1.73857463680423,2.23399080970802,0.778085130031272,2.41174681668562e-06,2.41126975439873e-06
0.001,123,-1.85060724500314,1.16289265935585,3.63887277594283,0.789504339516028,3.56080754973875e-05,2.4820007348046e-06
0.001,124,-1.49175794939246,1.54391099294475,2.18167462131735,0.179744242572711,2.41185002481898e-06,2.28224794126126e-06
0.001,126,0.491561903276001,1.48039549560372,2.24363484403732,0.466395840213065,0.168608780558078,2.36321202636798e-06
0.001,128,0.162540486440426,1.75627079405158,2.83424312227342,0.8274116890083,2.38680141757413e-06,2.38647623117675e-06
0.001,129,1.90340831785014,-0.597152738193159,3.71682566415066,0.959603686562531,2.43336216924845e-06,2.43992348432127e-06
0.001,132,-1.30682271971662,-1.55810354747442,3.70545229587286,0.352904049017842,2.39780252309242e-06,2.34335886934063e-06
0.001,133,0.640789506870925,-1.83162724145455,3.3824752505621,0.389346131123094,2.94021787495237e-06,2.3410454029046e-06
0.001,135,-1.00907604199537,1.7998447358009,2.7076801419325,0.683035701391476,2.42712371742117e-06,2.39185238207955e-06
0.001,136,1.03138444185748,-1.64235599075096,3.35497295594814,0.899793172238859,2.39351764436421e-06,2.38646347360203e-06
0.001,137,-1.53570943797234,1.51647323024866,3.66115590562211,0.504414767835678,2.42252396230567e-06,2.38653033344418e-06
0.001,140,-1.60866335739599,-1.07331319446623,2.56482893976001,0.742557369255931,2.42458773704417e-06,2.41395311048481e-06
0.001,141,-0.0335364995326706,1.7709270965405,2.87385989439073,0.840281314945777,2.38636165363965e-06,2.38638392599672e-06
0.001,142,-1.81878396091182,-1.25424695142298,2.50797632922303,0.547025880536152,2.70484766281939,2.44570320648081e-06
0.001,143,0.0125450343203508,-1.76862929374641,2.69319688151666,0.666601927202563,2.4118033091864e-06,2.38636409236408e-06
0.001,144,0.63477452647578,1.5351435398537,3.89844420412522,0.77378071071358,2.41879297094889e-06,2.40152017420148e-06
0.001,145,-1.34826229167428,1.71100913278085,3.86733058745173,0.385828115735005,1.20986731139675,2.34203984449816e-06
0.001,146,1.76092096569983,0.784082472215169,3.8578727477883,0.736278838710145,2.41131161754302e-06,2.41157850894939e-06
0.001,147,1.7658592351061,0.371759739366813,4.15668258232811,0.384643134756376,2.41209699471075e-06,2.34102706424033e-06
0.001,148,1.62140256782425,1.50984345052152,2.43958244525877,0.343353957746073,1.89136894937378,2.34148322940584e-06
0.001,150,-1.59688799449029,1.55499231947591,3.80716069205458,0.810039224598406,2.48575135451944e-06,2.41148146282356e-06
0.001,151,-1.62222815697629,1.4485104690618,3.15385050504391,0.490435677618877,2.42552457812222e-06,2.41573131773013e-06
0.001,152,1.37950124387782,-1.65205296035436,3.33081641399918,0.180360572073016,1.22266220094622,2.28140058547031e-06
0.001,153,-1.52734068951337,0.89368045475434,3.53719310511756,0.669440690873741,2.42973667264606e-06,2.43338760782618e-06
0.001,155,1.50988805410821,-1.11926719220075,3.68848432190237,0.250257779872479,2.80927552637261,2.34574000495186e-06
0.001,156,1.21392372153939,-1.6954765620388,3.06107881629098,0.699746872220386,2.38668386141056e-06,2.38673056885296e-06
0.001,157,1.72302930241426,1.51451994542063,3.62973603450278,0.42404541931088,2.4116650729413e-06,0.0848098881888459
0.001,158,1.43365100737205,1.18970408642771,3.38451201256358,0.961119833935858,2.41394184443337e-06,2.42995782318161e-06
0.001,159,1.00348427116599,1.40232691637697,2.83871080251473,0.489456222417734,1.58886226526719,2.28100700272648e-06
0.001,160,1.01817149633873,1.46917680383921,3.73596477711543,0.511929644643365,2.45699091249534e-06,2.35514932088523e-06
0.001,161,-1.58750452465627,0.833451906860139,3.25516439920774,0.287994451604647,2.42597026056878e-06,2.41278412491585e-06
0.001,162,1.61021162671827,1.34805331345469,2.10534797938488,0.431836453778316,2.38641430130462e-06,2.34090876530518e-06
0.001,163,1.5820929139848,1.01086655823056,2.5184693959331,0.474853988713491,2.47525545899622e-06,2.39047126284628e-06
0.001,164,1.62152790567705,1.48737411098093,2.77911907846916,0.290794649228792,0.934660608704665,2.38925865805384e-06
0.001,165,1.80242858775022,-0.659524582963432,4.18111285946587,0.294166611258809,2.43594131708885e-06,2.34126854183453e-06
0.001,170,0.80387652583648,1.7489139489458,3.780360120805,0.117394867825841,2.4252005773513e-06,2.28101897079358e-06
0.001,171,-1.70894797454323,0.751542889203253,2.65950629715393,0.211931559100459,2.4384053474901e-06,2.34456590285872e-06
0.001,172,1.28744023716142,-1.72865176357931,3.82237454630671,0.472278407426772,2.53142645206809e-06,2.38721860221469e-06
0.001,173,-1.6746048774324,0.832688354581126,2.25578558481099,0.463860772529382,2.441155773113e-06,2.39015152643053e-06
0.001,175,1.25119826903001,-1.81703186474995,3.74606642207707,0.967149316798829,2.63607191310384e-06,2.41590658283162e-06
0.001,178,-1.66599713320532,-1.47965503947747,3.00340313725156,0.795629333688504,2.4202862456352e-06,2.43559421571238e-06
0.001,179,0.23361699894322,-1.90165233416479,2.55644369568096,0.978412440951292,2.4545514144216e-06,2.43410462192822e-06
0.001,183,-1.77478689727265,-0.905493334873336,3.42680185929153,0.115797127029966,2.42010124663146e-06,2.34224632063121e-06
0.001,184,1.84869019389817,0.774728903125955,3.29212158644589,0.101218263143921,2.43401565652272e-06,2.35903926964956e-06
0.001,185,-0.857151654872557,-1.67047581753663,2.48076126346414,0.681812867474137,2.42536203653468e-06,2.38847986826312e-06
0.001,188,0.51759455254105,1.57639681471654,2.48416500047887,0.772699965937025,2.41656589657593e-06,2.39565550255607e-06
0.001,189,0.510232320336254,-1.87546366846195,3.10592274269713,0.962010820889384,2.43379344789356e-06,2.38696688890705e-06
0.001,190,1.60463204196396,-0.525894625104955,2.26320651805159,0.806670588833568,2.43723650063424e-06,2.39442009434473e-06
0.001,191,1.56105513556367,-1.25789793718752,3.62227356363831,0.168044536555076,1.41198280601795,2.34211825418807e-06
0.001,192,-0.177372988857148,1.47449267182244,3.69768156885899,0.429112673435234,2.74868789201791,2.35108049430378e-06
0.001,193,-1.24751536110495,1.37913291246755,2.37788002940451,0.226722654003408,2.39971587498385e-06,2.30370001642013e-06
0.001,194,0.334624447403488,-1.47502048927045,4.09792407966811,0.620468559478325,2.44722107290595e-06,2.41451206146925e-06
0.001,196,-0.761889534854689,-1.53076724415042,3.99245025735785,0.33391448131855,0.941434066576461,2.363844151338e-06
0.001,197,1.25518007882779,-1.4992568311898,2.61704344117883,0.410672987644789,2.41032516865784e-06,2.34807816004388e-06
0.001,198,1.64370873797537,-1.19790109319865,3.03632802577269,0.522989441342143,2.41250777521339e-06,2.41207486665691e-06
0.001,199,1.73091393341605,-0.758552164305705,3.99283326530349,0.667829611206247,2.41258892061936e-06,2.38692186799229e-06
0.001,200,1.46425555800163,-0.179119403672795,2.38602992569281,0.502906082869377,7.06919595124182e-06,2.35774675064364e-06
0.001,203,1.87965759125841,1.1194039555734,4.05647147868724,0.826268941795594,2.64286336373274e-06,2.45140953745244e-06
0.001,205,-0.125227360820119,-1.5802792863273,2.63926830563355,0.489534401988522,1.14246703192575,2.34690101107274e-06
0.001,208,1.45888950502021,-0.0044473861945757,3.46449518383052,0.288266918867135,2.47286836548202e-06,2.37909983356574e-06
0.001,210,1.77906291952971,0.0708465735388457,2.82639953634704,0.317779417285341,2.41306518033333e-06,2.38637167179323e-06
0.001,211,1.39858956270965,-1.64853400342067,2.33335675546619,0.96456427796188,2.41141484127672e-06,2.41373092343612e-06
0.001,212,-0.197823458759626,-1.86718756483453,2.56629777696933,0.956286829325649,2.42858750718945e-06,2.41980453483457e-06
0.001,213,-1.48336233939402,-1.68568601137992,2.62001844876829,0.995337364569356,2.466678183212e-06,2.41211123353853e-06
0.001,214,1.81620410903489,-0.412306895193616,3.87592120795268,0.740550525171444,2.41351372277873e-06,2.41177975253067e-06
0.001,215,-1.54576963120148,-1.33006967096372,2.23611938814353,0.165773405824313,2.2763619916961,2.281026337798e-06
0.001,216,0.686292782371198,-1.5817286386624,3.57688146333323,0.660108938155522,2.47680894530631e-06,2.3443110315206e-06
0.001,217,0.0806540044479735,-1.87365542069743,3.05425772143447,0.813335604659545,2.4866055705635e-06,2.38684299744209e-06
0.001,218,1.40872600127416,1.74484898497476,3.10954063230653,0.917108914401657,2.44910597210238e-06,2.42045607869546e-06
0.001,219,0.207627355097942,-1.79211486539411,2.44159248741264,0.949331433538199,2.41114110443757e-06,2.41142676202277e-06
0.001,220,1.50661441063338,0.836242077803666,3.87457935757713,0.569313674849325,2.41019730508424e-06,2.40923758206552e-06
0.001,221,-1.46393908619744,0.856347728529711,3.06262466121098,0.781579186420995,2.41149180585439e-06,2.45966736269729e-06
0.001,223,0.816319072396894,-1.6795406144613,2.22481959036303,0.322606284237175,2.44899483041197e-06,2.3457614516605e-06
0.001,224,-1.14814335396436,1.57926662424211,3.16777813994132,0.676553665193999,2.40815279430566e-06,2.38699107672687e-06
0.001,226,-0.606978131906799,-1.75859166403774,2.78599591699651,0.421326409573011,2.38784627104275e-06,2.34093114361461e-06
0.001,228,-0.413828870714919,1.48713426636881,2.52349743954653,0.670927319984518,2.5231943897582e-06,2.39953833184151e-06
0.001,229,1.79808249463057,-0.652416832915573,3.91773029205873,0.863237880641336,2.41214684874338e-06,2.41126005891235e-06
0.001,230,-1.41170607628385,-1.2715283372452,2.59452871798074,0.755975298042952,2.45562490102924e-06,2.38824861767217e-06
0.001,231,1.70635050064598,1.15879402856992,3.03946857485297,0.18585934958189,2.41228200495974e-06,2.34111807706152e-06
0.001,232,1.92013030114191,0.876807113089055,2.23095927898272,0.696190610530961,2.20165217507593,2.45044850868458e-06
0.001,235,-1.69654668756534,-1.20183019628342,2.31529870301365,0.993929513880668,2.41137425450092e-06,2.41156723392776e-06
0.001,237,-1.48781664416891,-1.7112063640833,3.81620393561627,0.784907131145853,2.41327765116017e-06,3.18182137124305e-06
0.001,238,-1.44469130940236,-0.969268445955145,3.71883276432932,0.453212367606532,2.41952954346742e-06,2.38168869580794e-06
0.001,239,-1.27247966240342,1.47309002163352,2.52116257642223,0.926583788930868,2.38858220524704e-06,2.39621743580708e-06
0.001,240,1.58715363962405,0.970826084799924,2.69577543551671,0.619410327434489,2.43147428856549e-06,2.41808225951751e-06
0.001,241,-1.32425974771134,1.46812598448979,4.01095525991356,0.690967966337088,2.41238302969437e-06,2.38698730170262e-06
0.001,242,-1.64518986497178,0.901030641660546,3.55188280724568,0.926415178007893,2.41357221862421e-06,2.41952256764173e-06
0.001,243,-0.156884927869097,1.49369295232664,2.75781920746928,0.555362116961439,1.43462012657725,2.34571706561491e-06
0.001,244,-1.17466512637683,1.60280745604503,3.88966714012442,0.298767504666708,2.6185206571619e-06,2.34161289026956e-06
0.001,245,1.49431449642711,0.932452089661124,3.46474221951494,0.492952770791889,2.4112412463225e-06,2.41641067805182e-06
0.001,246,1.68348960212725,-1.47372925949096,2.41296156822695,0.622079951202509,2.41303069699875e-06,2.41513117506638e-06
0.001,247,-1.75568816058054,0.863299858728354,3.0166063132929,0.565028546703641,2.41302204784072e-06,2.41123516959688e-06
0.001,248,-0.892489407411185,1.63613008266256,3.38307227261159,0.782898628381593,2.41058569031206e-06,2.34109710362844e-06
0.001,249,1.22480511917225,-1.28126756451903,2.26920187322069,0.354246459375567,2.38638663564719e-06,2.30497210053e-06
0.001,250,-0.52434544172091,1.48299960509005,3.49328347667798,0.528702159970989,2.01136270504874,2.34428477600464e-06
1e-05,2,-1.37592543823025,-1.44291170934645,2.89067494432964,0.891081010254041,0.0001337674370991,0.000134074118862
1e-05,3,-1.37602191865519,1.17610075708118,2.9296875814265,0.61459511684349,0.0001339308018415,0.0001315791768605
1e-05,4,1.46470458309974,0.133844367905286,3.21196966288251,0.487384669288891,0.0001341736141844,0.0001308274088707
1e-05,6,1.87963940864798,-0.753111728817807,3.5984285561575,0.641731087913618,0.0001330887215465,0.0001323325417591
1e-05,8,0.0990257265289514,1.507062547047,3.97522588591352,0.732370395776965,0.0001311124240476,0.0001320493093426
1e-05,10,-1.44202455739183,1.38580916693807,4.05147334043442,0.446060194880331,0.000127732200712,0.000131660827491
1e-05,11,-0.831421405859127,-1.49004535067207,2.83083193643822,0.538900361759138,1.69040712178715,0.0001316534741863
1e-05,12,1.14070384557205,-1.4003302906049,2.63218668823636,0.64058595989352,0.0001325974029764,0.0001309691703212
1e-05,13,-1.73979362805888,-0.992803764372189,3.59429756706184,0.525244019505862,0.0001342690619083,0.0001342076579482
1e-05,14,1.79554214901333,-0.617216025984322,2.66537747432435,0.141083870952145,0.0001336984952009,0.0001316319434256
1e-05,16,1.23358939246584,1.63380224533451,2.34967273932794,0.349132877012175,0.000134070125213,0.0001316557895968
1e-05,17,-0.239390025041595,1.78913335844726,3.19429472110172,0.276487941464554,0.0001330609115834,0.0001316184681703
1e-05,18,-1.51184706062088,-1.38659438753568,3.57941812031486,0.649702063968191,0.0001341794966057,0.0001330436985149
1e-05,19,1.63728160831513,0.445816941738591,2.6317389400337,0.564915365601381,0.0001337558370143,0.0001327139355094
1e-05,22,-0.753155695642356,1.72847312993445,3.78246195120769,0.297161928191672,0.0001334045521567,0.0001316420408885
1e-05,23,-1.26058217789789,1.68999752470918,3.42046424251083,0.404974584404876,0.0001327803152417,0.0001316623902005
1e-05,24,1.87833851105823,0.828954537253594,4.08700960271134,0.822327111621832,0.0001317463237976,0.0001332693946966
1e-05,25,1.10053129344446,-1.38984382834295,3.35440795204953,0.614843779032371,0.0001110167290526,0.0001316043459995
1e-05,26,1.75799576625676,0.305153440667253,3.81010023751173,0.561400953360775,0.0001341696277188,0.0001331422561718
1e-05,27,1.5793094017106,0.426860185531424,3.94627278873451,0.364139940887309,0.783477108460572,0.0001312421074291
1e-05,28,1.68749694009247,0.945776942498891,2.53850077658473,0.457313537113473,0.00013402210166,0.0001331071887379
1e-05,29,-1.21606855032342,1.70227405162711,2.95525111650053,0.655359864506021,0.0001330688627297,0.000133161065224
1e-05,30,-0.698678676946943,-1.54704781663698,3.97939912407862,0.410700828521523,0.0986661998291048,0.0001306028458922
1e-05,32,1.31495003660772,-1.50134927518693,3.72912391881286,0.544191922306107,0.000131907575121,0.0001316608844158
1e-05,33,-0.572986693225643,1.68336753046949,2.6699475173533,0.732032889428498,0.000132605111993,0.0001330365384286
1e-05,34,-1.43630310010095,0.365101742979717,3.49250834207232,0.347258372967568,0.0001292026508999,0.0001282904025545
1e-05,36,0.916028672163949,1.67942246565104,2.29485919870236,0.95955446033649,0.0001341144973051,0.0001341075478023
1e-05,37,1.45241370350237,-1.10158070824007,2.58018396451282,0.33184649830035,0.0001340664346687,0.0001307446387987
1e-05,38,-1.74576659885591,-1.29445205397511,3.13482117861909,0.717930922143346,0.0001340823510766,0.0001336925785016
1e-05,39,0.918424713352256,1.6593836042724,3.55030245184578,0.510612858059988,0.0001322138882533,0.0001315815641257
1e-05,40,1.54885097030531,0.322353401112174,2.99121427874005,0.208922500436674,0.0001335664667565,0.0001301724418532
1e-05,41,0.245108790277985,1.84428126987782,2.31244184217527,0.419294162652386,0.0001307014400866,0.0001329627921088
1e-05,42,0.0909313175279762,-1.65860132768542,2.66859585970491,0.710802961005308,0.0001317491184852,0.0001330344724291
1e-05,44,0.0342827646588111,1.59221715776285,2.83789762669528,0.886328734119711,0.0001307937460569,0.0001330728486739
1e-05,45,1.63026589570437,-1.17944143807197,2.23979605862993,0.751575749919484,0.0001341700595705,0.0001331131615385
1e-05,46,-0.358468307857481,-1.85380132860762,2.23600252444098,0.912207976557257,0.0001337820021434,0.0001337019132717
1e-05,47,1.71879060937029,0.0975610773103202,3.21061928032863,0.365536636888741,0.0001342690512748,0.0001330354995271
1e-05,50,-1.25371976445586,-1.27228747801892,3.48054786018561,0.602778156805383,0.0001324552399218,0.0001317898694715
1e-05,51,1.57023599395991,1.44714248405407,3.26261395992911,0.408850617855392,0.0001341293208909,0.0001331353112261
1e-05,52,0.157368967662603,1.78446184853453,3.62466595259936,0.756256138794503,0.0001341828943817,0.0001331617359044
1e-05,53,1.58436519969397,-0.917021307425785,2.22035693018273,0.861043926690916,0.0001328661078847,0.0001328643398822
1e-05,55,-0.649539314385488,-1.5835656720617,3.76038160447006,0.487886698461967,0.194335829183032,0.0001312007882093
1e-05,56,1.77163881565008,1.19966434149276,4.03627178655856,0.386980136489025,0.0001324179056838,0.0001327714403515
1e-05,57,-0.545481590482824,-1.60223442896262,4.17304768851974,0.735027276379442,0.0001337333170591,0.0001330655026182
1e-05,58,1.88712833088384,-1.02731123600218,4.03590138952759,0.719564516642923,1.26390018901955,0.0001334071302999
1e-05,59,1.84978917976844,0.889067727422637,3.22527867155508,0.437097598318109,0.0001342641784932,0.0001328114542015
1e-05,63,-0.885414143053554,-1.65796587658213,3.57878652619323,0.673212085709269,0.0001324657687692,0.000133018442325
1e-05,64,1.63306354386661,-1.16845497941589,2.17012922626493,0.406543749923163,0.0001340914237071,0.0001316257805252
1e-05,66,-1.42042051163511,-1.27425825964081,2.64545678019255,0.468666005405709,0.334886428277446,0.0001329982230142
1e-05,67,1.9426018164424,-0.314301797630008,2.27795364197567,0.709408575761508,1.63543501777988,0.0001301000761955
1e-05,68,-1.031778913954,1.5706868443079,4.05675497809844,0.645201324507421,0.0001324979275562,0.0001329346655574
1e-05,71,0.363571772752967,-1.43954729693419,3.80645776830989,0.449188083952183,1.76477564269176,0.0001311397803142
1e-05,73,0.0483722331971239,1.57820890757637,3.91244878275389,0.780592252555159,0.0001317686678579,0.0001324555858063
1e-05,74,1.74691995494694,0.533912879304589,2.45782399672609,0.382570045639618,0.0001341367600962,0.0001331323263911
1e-05,75,-1.44991622341603,-0.968449258267191,3.54989725939333,0.899563305077813,0.0001341610707381,0.0001314124955957
1e-05,76,-1.54610591503764,1.3397209471972,4.13770832891904,0.844036623767339,0.000132997180737,0.0001331483290693
1e-05,77,1.50935741352392,0.102760729210743,3.8169943666826,0.359564894036871,0.903949927355529,0.0001308293984822
1e-05,78,0.220803246397849,1.657195226242,3.11449519972981,0.406348393829055,1.19481542597685,0.0001316184452478
1e-05,79,0.118602313424026,-1.52899566843944,3.36412828603033,0.587266846612827,1.11837968948131,0.000131569308113
1e-05,80,-1.6275889287764,-0.903779117251176,2.46057626703655,0.59834033682221,0.0001325708863843,0.0001328711567027
1e-05,81,1.58886303181331,0.216712010063174,3.14696703156719,0.587534331169004,0.00013427565694,0.0001330094277965
1e-05,82,1.60167222865332,0.605681553407457,2.92935299526477,0.785711631344383,0.0001341372401858,0.0001333625516712
1e-05,84,0.903822715480957,-1.45245747972477,2.14845543389163,0.333401407585385,0.0001322923835945,0.0001302704102472
1e-05,86,1.54834569706047,1.49556031025006,4.11153867514644,0.151882823979122,0.0001340702536262,0.0001315632446196
1e-05,87,-1.6634401400198,0.660146698185022,3.00021654056327,0.969775647279767,0.0001342740399792,0.0001333708914094
1e-05,88,-1.35348514362154,-1.2985148855062,2.74746128437415,0.601937943625039,0.0001253929952824,0.0001329594182361
1e-05,91,0.654007076432223,-1.81213613289978,2.54686441377123,0.663610889278957,0.0001338925349865,0.0001331165573741
1e-05,92,0.194935157466344,-1.66880532829949,2.41279521022788,0.994463550009728,0.0001340175154906,0.0001339779689885
1e-05,93,0.273234413341886,1.74731895729903,2.34862312502382,0.967625962448962,0.0001341836430623,0.0001341444732912
1e-05,94,-1.62530092868763,0.930288388841001,2.72957308613634,0.918509149843518,0.0001341491867947,0.0001334761130154
1e-05,95,-0.939190529273098,-1.87526745975486,3.54405442650329,0.580047965888826,2.36395593180993,0.0001325918015539
1e-05,96,1.89204221900978,0.380311722801019,3.16132631264083,0.217587109441117,0.0001342840557593,0.0001295385346904
1e-05,97,-0.427609101332958,-1.794296746063,4.18187211167358,0.811458814847396,0.0001342836327603,0.0001342044515019
1e-05,99,0.307615538505436,-1.57360698746491,3.1982281631679,0.949637884442858,0.0001292630813374,0.0001316687097831
1e-05,100,-0.0299292247245444,-1.69944887305676,2.98678205482431,0.233916372464604,2.85954061469223,0.0001316120119823
1e-05,101,-1.2915572823718,1.2764092706968,2.96174642784509,0.437796917127642,0.0001299060714198,0.0001307113747995
1e-05,102,1.76183433741166,1.19766351587592,3.82758641791323,0.357205199973283,0.0001338721042005,0.0001328015024573
1e-05,103,1.81571430801035,0.778785883417707,3.63087346808621,0.282900781977479,0.0001338379525209,0.0001329675015107
1e-05,104,1.65945756088179,-0.911419451080149,3.70562350388274,0.785618372239927,0.0001340484588079,0.0001340814603349
1e-05,106,-0.287263406730743,1.66925430184897,2.13459131297518,0.619551126309818,0.0001339538301214,0.0001337579534807
1e-05,107,1.40454668606743,1.49178334350563,2.11978079344458,0.616176056310016,0.0001340226684589,0.0001331364703222
1e-05,109,1.74461909664312,0.76910625807141,4.10412772663006,0.86856577025988,0.0001341765683187,0.0001341907830827
1e-05,111,0.0733186094549469,-1.84229275452598,3.11696494855849,0.559389240103809,0.0001296508507329,0.0001316627415021
1e-05,112,1.50949228771182,0.822300690062754,2.40865629084891,0.663933259983889,0.0001305180933476,0.0001327876171504
1e-05,113,0.963074471016818,1.70099326966266,2.77439477353671,0.933744346057078,0.0001330943241634,0.000133150870791
1e-05,114,-0.562035395120979,1.66195319035217,2.88165368584947,0.718949838187505,0.0001315982260831,0.0001316058356813
1e-05,115,-0.825632622942027,-1.8642160856568,2.92058428824057,0.750436261928406,0.141250244723115,0.0001331200068854
1e-05,116,1.46828927432041,1.69758478150612,3.96277290582958,0.369456029534513,0.0001338260369087,0.0001293570061078
1e-05,117,0.0453695954437512,1.77706595645374,3.74248170062291,0.823993486911554,0.0001341848970533,0.0001341937490051
1e-05,118,1.1931807158671,1.44817060395725,3.53562106060763,0.289634467480483,0.67774308126766,0.0001311655795109
1e-05,120,0.313120563984696,-1.69218719348316,3.47534272780473,0.764082566705377,0.0001324651875977,0.0001331322904219
1e-05,121,-1.85623090481303,0.785155103512559,3.96912531459423,0.850730137300608,0.0001327716010355,0.0001338819447001
1e-05,122,-0.853834991486862,-1.73857463680423,2.23399080970802,0.778085130031272,0.0001341714748018,0.0001341879324846
1e-05,123,-1.85060724500314,1.16289265935585,3.63887277594283,0.789504339516028,0.0001100131174792,0.0001300981867259
1e-05,124,-1.49175794939246,1.54391099294475,2.18167462131735,0.179744242572711,0.0001341830861253,0.0001315769123671
1e-05,126,0.491561903276001,1.48039549560372,2.24363484403732,0.466395840213065,0.168710889844391,0.0001306508474491
1e-05,128,0.162540486440426,1.75627079405158,2.83424312227342,0.8274116890083,0.0001331128221325,0.0001331456355702
1e-05,129,1.90340831785014,-0.597152738193159,3.71682566415066,0.959603686562531,0.0001333795004916,0.0001310235167765
1e-05,132,-1.30682271971662,-1.55810354747442,3.70545229587286,0.352904049017842,0.0001329770268072,0.0001315591134403
1e-05,133,0.640789506870925,-1.83162724145455,3.3824752505621,0.389346131123094,0.0001278540486368,0.0001316500865913
1e-05,135,-1.00907604199537,1.7998447358009,2.7076801419325,0.683035701391476,0.0001332368271326,0.000133105640953
1e-05,136,1.03138444185748,-1.64235599075096,3.35497295594814,0.899793172238859,0.0001328883998061,0.0001331531604027
1e-05,137,-1.53570943797234,1.51647323024866,3.66115590562211,0.504414767835678,0.0001339144065896,0.000133149710352
1e-05,140,-1.60866335739599,-1.07331319446623,2.56482893976001,0.742557369255931,0.0001336274273814,0.0001339699001268
1e-05,141,-0.0335364995326706,1.7709270965405,2.87385989439073,0.840281314945777,0.0001331441175498,0.0001331492117689
1e-05,142,-1.81878396091182,-1.25424695142298,2.50797632922303,0.547025880536152,2.70503999472074,0.0001331357588805
1e-05,143,0.0125450343203508,-1.76862929374641,2.69319688151666,0.666601927202563,0.0001341904649899,0.0001331448304847
1e-05,144,0.63477452647578,1.5351435398537,3.89844420412522,0.77378071071358,0.0001319971808379,0.0001323336240627
1e-05,145,-1.34826229167428,1.71100913278085,3.86733058745173,0.385828115735005,1.2100068374279,0.0001316347541794
1e-05,146,1.76092096569983,0.784082472215169,3.8578727477883,0.736278838710145,0.0001341836234327,0.0001341845444708
1e-05,147,1.7658592351061,0.371759739366813,4.15668258232811,0.384643134756376,0.0001341765407118,0.0001316595036824
1e-05,148,1.62140256782425,1.50984345052152,2.43958244525877,0.343353957746073,1.89153320152732,0.0001316470382699
1e-05,150,-1.59688799449029,1.55499231947591,3.80716069205458,0.810039224598406,0.0001308301206453,0.0001341814844443
1e-05,151,-1.62222815697629,1.4485104690618,3.15385050504391,0.490435677618877,0.0001339425742223,0.0001341196541706
1e-05,152,1.37950124387782,-1.65205296035436,3.33081641399918,0.180360572073016,1.22277857262879,0.000131603617377
1e-05,153,-1.52734068951337,0.89368045475434,3.53719310511756,0.669440690873741,0.0001331146778388,0.0001329660382588
1e-05,155,1.50988805410821,-1.11926719220075,3.68848432190237,0.250257779872479,2.80942162158562,0.0001314965243524
1e-05,156,1.21392372153939,-1.6954765620388,3.06107881629098,0.699746872220386,0.0001331052287446,0.0001331552826416
1e-05,157,1.72302930241426,1.51451994542063,3.62973603450278,0.42404541931088,0.0001339408561673,0.0849452925214868
1e-05,158,1.43365100737205,1.18970408642771,3.38451201256358,0.961119833935858,0.0001341664569307,0.0001334486966836
1e-05,159,1.00348427116599,1.40232691637697,2.83871080251473,0.489456222417734,1.58897685568962,0.0001316160057316
1e-05,160,1.01817149633873,1.46917680383921,3.73596477711543,0.511929644643365,0.00013061023954,0.0001310030797847
1e-05,161,-1.58750452465627,0.833451906860139,3.25516439920774,0.287994451604647,0.0001333284008765,0.0001318603490641
1e-05,162,1.61021162671827,1.34805331345469,2.10534797938488,0.431836453778316,0.0001331452968617,0.0001316604245022
1e-05,163,1.5820929139848,1.01086655823056,2.5184693959331,0.474853988713491,0.0001318516980861,0.0001329857513341
1e-05,164,1.62152790567705,1.48737411098093,2.77911907846916,0.290794649228792,0.93484114697314,0.0001330645975664
1e-05,165,1.80242858775022,-0.659524582963432,4.18111285946587,0.294166611258809,0.000133032592718,0.0001316490244297
1e-05,170,0.80387652583648,1.7489139489458,3.780360120805,0.117394867825841,0.000133942560498,0.0001316169276055
1e-05,171,-1.70894797454323,0.751542889203253,2.65950629715393,0.211931559100459,0.0001333632997525,0.0001315243369261
1e-05,172,1.28744023716142,-1.72865176357931,3.82237454630671,0.472278407426772,0.0001298547643997,0.0001331362993896
1e-05,173,-1.6746048774324,0.832688354581126,2.25578558481099,0.463860772529382,0.00013307610748,0.0001329830142342
1e-05,175,1.25119826903001,-1.81703186474995,3.74606642207707,0.967149316798829,0.0001275589842976,0.0001340940107781
1e-05,178,-1.66599713320532,-1.47965503947747,3.00340313725156,0.795629333688504,0.0001332308894259,0.0001338544309061
1e-05,179,0.23361699894322,-1.90165233416479,2.55644369568096,0.978412440951292,0.0001295884134264,0.0001333956714882
1e-05,183,-1.77478689727265,-0.905493334873336,3.42680185929153,0.115797127029966,0.0001342226567369,0.0001316253510364
1e-05,184,1.84869019389817,0.774728903125955,3.29212158644589,0.101218263143921,0.0001339787879875,0.0001308539594923
1e-05,185,-0.857151654872557,-1.67047581753663,2.48076126346414,0.681812867474137,0.0001335590558212,0.0001331064630619
1e-05,188,0.51759455254105,1.57639681471654,2.48416500047887,0.772699965937025,0.000131176603139,0.0001328006395624
1e-05,189,0.510232320336254,-1.87546366846195,3.10592274269713,0.962010820889384,0.0001301974377049,0.0001331618488606
1e-05,190,1.60463204196396,-0.525894625104955,2.26320651805159,0.806670588833568,0.000133536407987,0.0001328494092222
1e-05,191,1.56105513556367,-1.25789793718752,3.62227356363831,0.168044536555076,1.41212878634831,0.0001316241914781
1e-05,192,-0.177372988857148,1.47449267182244,3.69768156885899,0.429112673435234,2.74879952631948,0.000131247858984
1e-05,193,-1.24751536110495,1.37913291246755,2.37788002940451,0.226722654003408,0.0001327549907312,0.000130210258926
1e-05,194,0.334624447403488,-1.47502048927045,4.09792407966811,0.620468559478325,0.0001315277585555,0.0001317475926841
1e-05,196,-0.761889534854689,-1.53076724415042,3.99245025735785,0.33391448131855,0.941526149731454,0.0001304752635891
1e-05,197,1.25518007882779,-1.4992568311898,2.61704344117883,0.410672987644789,0.0001326002684006,0.0001314064790363
1e-05,198,1.64370873797537,-1.19790109319865,3.03632802577269,0.522989441342143,0.0001342613622859,0.0001341696337281
1e-05,199,1.73091393341605,-0.758552164305705,3.99283326530349,0.667829611206247,0.0001341421114725,0.0001331349889168
1e-05,200,1.46425555800163,-0.179119403672795,2.38602992569281,0.502906082869377,0.0001057479393122,0.0001309172228758
1e-05,203,1.87965759125841,1.1194039555734,4.05647147868724,0.826268941795594,0.0001287083248394,0.0001287837007207
1e-05,205,-0.125227360820119,-1.5802792863273,2.63926830563355,0.489534401988522,1.14258252537381,0.0001314369707915
1e-05,208,1.45888950502021,-0.0044473861945757,3.46449518383052,0.288266918867135,0.000130513379033,0.0001297997817261
1e-05,210,1.77906291952971,0.0708465735388457,2.82639953634704,0.317779417285341,0.0001342749209137,0.000133146514337
1e-05,211,1.39858956270965,-1.64853400342067,2.33335675546619,0.96456427796188,0.000134164589242,0.0001340439853358
1e-05,212,-0.197823458759626,-1.86718756483453,2.56629777696933,0.956286829325649,0.0001330029065019,0.0001339291548942
1e-05,213,-1.48336233939402,-1.68568601137992,2.62001844876829,0.995337364569356,0.0001302082869386,0.0001342273026691
1e-05,214,1.81620410903489,-0.412306895193616,3.87592120795268,0.740550525171444,0.0001340951063167,0.0001341267312827
1e-05,215,-1.54576963120148,-1.33006967096372,2.23611938814353,0.165773405824313,2.27644743240843,0.0001316165182223
1e-05,216,0.686292782371198,-1.5817286386624,3.57688146333323,0.660108938155522,0.0001267167935061,0.0001315940418147
1e-05,217,0.0806540044479735,-1.87365542069743,3.05425772143447,0.813335604659545,0.00012758495711,0.0001331526826812
1e-05,218,1.40872600127416,1.74484898497476,3.10954063230653,0.917108914401657,0.0001299785740924,0.0001339557295487
1e-05,219,0.207627355097942,-1.79211486539411,2.44159248741264,0.949331433538199,0.0001341646703199,0.0001341771468976
1e-05,220,1.50661441063338,0.836242077803666,3.87457935757713,0.569313674849325,0.0001319754264184,0.000132378358522
1e-05,221,-1.46393908619744,0.856347728529711,3.06262466121098,0.781579186420995,0.0001341724865283,0.0001309979871859
1e-05,223,0.816319072396894,-1.6795406144613,2.22481959036303,0.322606284237175,0.000133444876584,0.0001315235586972
1e-05,224,-1.14814335396436,1.57926662424211,3.16777813994132,0.676553665193999,0.0001321458406804,0.0001330917701172
1e-05,226,-0.606978131906799,-1.75859166403774,2.78599591699651,0.421326409573011,0.0001330908786999,0.000131659917811
1e-05,228,-0.413828870714919,1.48713426636881,2.52349743954653,0.670927319984518,0.0001146963805218,0.0001325434264091
1e-05,229,1.79808249463057,-0.652416832915573,3.91773029205873,0.863237880641336,0.0001341491389276,0.0001341628217417
1e-05,230,-1.41170607628385,-1.2715283372452,2.59452871798074,0.755975298042952,0.0001316957708684,0.0001330083766399
1e-05,231,1.70635050064598,1.15879402856992,3.03946857485297,0.18585934958189,0.0001342069789245,0.0001316533429516
1e-05,232,1.92013030114191,0.876807113089055,2.23095927898272,0.696190610530961,2.20182160817628,0.0001326532647585
1e-05,235,-1.69654668756534,-1.20183019628342,2.31529870301365,0.993929513880668,0.0001342077014904,0.0001342072705652
1e-05,237,-1.48781664416891,-1.7112063640833,3.81620393561627,0.784907131145853,0.0001336842999022,0.0001104575527414
1e-05,238,-1.44469130940236,-0.969268445955145,3.71883276432932,0.453212367606532,0.0001336441001433,0.000129458176689
1e-05,239,-1.27247966240342,1.47309002163352,2.52116257642223,0.926583788930868,0.0001331193083552,0.0001325141067452
1e-05,240,1.58715363962405,0.970826084799924,2.69577543551671,0.619410327434489,0.0001336925774419,0.0001339015756374
1e-05,241,-1.32425974771134,1.46812598448979,4.01095525991356,0.690967966337088,0.0001319276312689,0.0001331362857545
1e-05,242,-1.64518986497178,0.901030641660546,3.55188280724568,0.926415178007893,0.0001340451107635,0.0001337407890024
1e-05,243,-0.156884927869097,1.49369295232664,2.75781920746928,0.555362116961439,1.43475441457542,0.0001314850631294
1e-05,244,-1.17466512637683,1.60280745604503,3.88966714012442,0.298767504666708,0.0001258482912236,0.0001316390492601
1e-05,245,1.49431449642711,0.932452089661124,3.46474221951494,0.492952770791889,0.0001341560320734,0.0001319279429432
1e-05,246,1.68348960212725,-1.47372925949096,2.41296156822695,0.622079951202509,0.0001341446043919,0.0001315547493537
1e-05,247,-1.75568816058054,0.863299858728354,3.0166063132929,0.565028546703641,0.000134280184928,0.0001342011810193
1e-05,248,-0.892489407411185,1.63613008266256,3.38307227261159,0.782898628381593,0.0001319967463839,0.0001316626845811
1e-05,249,1.22480511917225,-1.28126756451903,2.26920187322069,0.354246459375567,0.0001331448423742,0.0001303396524673
1e-05,250,-0.52434544172091,1.48299960509005,3.49328347667798,0.528702159970989,2.0114781096023,0.0001315613047587
