reach_con,safe_con,peak1_con,peak2_con,reach_unc,safe_unc,peak1_unc,peak2_unc,x1_0,x2_0,xi0
0,0,3.25042386801133,13.4853433734913,0,0,3.25042386801512,13.4853433733959,-1.69476684250417,0.934761775823349,10
0,0,3.54356107984235,9.70326765992723,0,0,3.54356107983691,9.70326765995174,-0.000469996697760156,1.64981615646363,10
0,0,1.03419372731378,60.5113037036674,0,0,1.03419372734671,60.5113036895912,0.716919984483762,1.7654825798139,10
0,0,5.93000485474418,8.14813626614113,0,0,5.93000485471895,8.14813626625932,-0.476235467405846,1.67819143142253,10
0,0,46.0088256893526,16.3063991471438,0,0,46.0088256893201,16.3063991470897,-1.73625461237638,-1.52784393625392,10
0,0,10.9138439210931,6.34166591495794,0,0,10.9138439210419,6.34166591637287,-0.847417602768026,-1.62437731558668,10
0,0,3.31851492020744,45.0275162639753,0,0,3.31851492016536,45.0275162642526,1.63837411087845,-0.332618798865678,10
0,0,3.908454339962,9.91920460201543,0,0,3.90845434005254,9.91920460205361,1.72482407875609,1.34806229029456,10
0,0,1.82864670667369,8.23786313989057,0,0,1.82864670664458,8.23786313988091,1.80051800165458,0.216527707962901,10
0,0,7.76146406275211,17.3429304878391,0,0,7.76146406275338,17.3429304876932,-1.07878848391614,-1.33149306436775,10
0,0,1.65554543135241,3.32100866227439,0,0,1.65554543133393,3.32100866245441,1.63651349954693,1.1005367201004,10
0,0,11.8386677242121,6.2853735626796,0,0,11.8386677243005,6.28537356272343,-1.467322216963,-1.33919387748392,10
0,0,7.34028701269801,15.0570576688584,0,0,7.34028701271308,15.0570576689107,0.0936503226950633,1.57996576067539,10
0,0,10.5453588439643,15.7112483892125,0,0,10.5453588439364,15.7112483892498,1.00163943640814,-1.34287707309581,10
0,0,2.00323652285547,35.087385196447,0,0,2.0032365228508,35.0873851966105,0.676052963535655,-1.67303965063023,10
0,0,6.74408827966303,16.7219407678546,0,0,6.74408827963717,16.7219407678271,-0.510461242459764,1.45980502960878,10
0,0,2.89158995704816,26.031838998021,0,0,2.89158995703795,26.031838998256,1.35167197723704,-1.17637292421312,10
0,0,7.46758632378817,35.7748118705429,0,0,7.46758632375932,35.7748118705429,-0.588086536222421,1.84001303672046,10
0,0,4.52507704303201,35.156329920776,0,0,4.52507704303199,35.1563299207042,-0.518595668047859,-1.84488143550701,10
0,0,1.72508371119614,34.1649492224859,0,0,1.72508371119738,34.1649492225421,-0.163628088434274,-1.70635577395511,10
0,0,1.2366988717022,6.56592478498208,0,0,1.23669887167773,6.56592478498391,1.62569307665735,-0.923505432855603,10
0,0,1.42401128059772,35.9710229889996,0,0,1.42401128055986,35.9710229920452,-0.310503825427439,1.72472471985645,10
0,0,3.45435980693818,22.744140594502,0,0,3.45435980693687,22.7441405945706,-0.294185709260231,-1.64733712632158,10
0,0,2.32228848519246,41.7501690688124,0,0,2.32228848522092,41.7501690686962,0.537519474535355,1.69216662395235,10
0,0,1.24118834018685,10.0893544061683,0,0,1.2411883402147,10.0893544061577,1.8218732920117,-0.643883743080568,10
0,0,2.28325695472771,13.8128692538445,0,0,2.28325695471595,13.8128692539113,0.370378749293492,-1.88686691080758,10
0,0,0.633760212002993,9.65035273330616,0,0,0.633760211991781,9.65035273336267,1.85988399814451,0.506715841276407,10
0,0,5.03547948489966,34.6490921695284,0,0,5.03547948491363,34.649092169685,1.78019289517118,-1.40755480256273,10
0,0,3.95748569906942,68.4786273269476,0,0,3.9574856991038,68.478627327231,1.36590685959359,-1.65876479587211,10
0,0,9.12029770582138,8.03704892400154,0,0,9.12029770576844,8.03704892424088,-0.765065370808658,-1.70597558014533,10
0,0,1.12354476453371,5.48819447532951,0,0,1.12354476450263,5.48819447533781,-1.4524955248102,1.41855587402223,10
0,0,8.45182244392125,15.5643228484968,0,0,8.45182244390087,15.5643228486036,-0.625853881182567,-1.89354429227076,10
0,0,1.03063549400065,51.7734050842787,0,0,1.03063549401757,51.7734050836347,1.18556280313019,1.6830213603488,10
0,0,0.132322304256343,2.79706673643021,0,0,0.132322304239485,2.79706673647837,1.54915580741094,1.02046893298536,10
0,0,1.22733524846448,7.04480427775512,0,0,1.22733524844311,7.04480427777501,1.75644541492874,0.854265737735176,10
0,0,11.0293247536068,37.0863326688762,0,0,11.0293247536528,37.0863326686959,-1.83737676225326,-0.69985547047479,10
0,0,6.16468051217682,65.4068691760995,0,0,6.16468051223967,65.4068691764379,1.50268689948033,-1.60730019883593,10
0,0,2.09151544922208,23.6926156912951,0,0,2.09151544922281,23.6926156913119,-0.096942002303023,1.73178171701346,10
0,0,14.5218953823005,8.82509633629996,0,0,14.5218953822991,8.82509633626622,-1.41140971223323,1.26846264453549,10
1,1,2.31677305421577,25.1508944786863,1,1,2.31677305421054,25.1508944787781,-1.72299171996066,-1.27549635845734,10
0,0,1.39495288943112,10.4968916627648,0,0,1.39495288945504,10.4968916629092,1.25131820065483,1.51049781730853,10
0,0,17.4904992337389,13.9635174934936,0,0,17.4904992337156,13.9635174934948,-0.289180667889798,1.96021288121549,10
0,0,15.7684788315883,18.8411776630822,0,0,15.7684788314959,18.8411776631621,0.912645132588535,1.91712594454039,10
1,1,9.6874212148519,27.0718855357006,1,1,9.68742121483185,27.0718855356419,-1.77800198754911,1.46841160222596,10
0,0,4.24112873012961,48.1255183984177,0,0,4.24112873035074,48.1255184027271,0.165768528380879,1.80683552810785,10
0,0,2.36458227280296,25.1241632066941,0,0,2.36458227275987,25.1241632071107,1.76723707276579,-0.535947260637804,10
0,0,96.9158724544337,17.9856170633132,0,0,96.9158724544244,17.9856170633373,-1.10368545221472,1.9423076038784,10
0,0,3.69469066529425,12.9611673233714,0,0,3.69469066526685,12.9611673233786,-0.902965627222315,1.48440062796986,10
0,0,2.34879865921663,10.2059226874724,0,0,2.3487986592087,10.2059226890589,-1.32359574653847,-1.5890031530412,10
0,0,9.01900119852621,81.0047176469566,0,0,9.01900119857144,81.0047176467919,1.50680372072654,-1.68176901703169,10
0,0,15.2576353607872,6.49878068796001,0,0,15.2576353606709,6.49878068792594,1.63672985504339,-0.61897944062601,10
0,0,3.7698207267821,22.9823348066724,0,0,3.76982072675668,22.9823348068485,1.38138063505589,-1.07306231077624,10
1,1,19.9240303788285,40.7323967893669,1,1,19.9240303788071,40.7323967892245,-1.32689877853102,1.83104741704797,10
0,0,3.17921129620537,14.744431926989,0,0,3.17921129618264,14.7444319270258,1.23134183718428,-1.37903080041883,10
0,0,2.42925237385145,12.0256075830106,0,0,2.42925237384231,12.0256075830457,-1.34113336488395,1.37643214267318,10
0,0,27.1580309292364,12.5152830683959,0,0,27.1580309287494,12.5152830684657,-1.85788478067855,-0.907265469024548,10
0,0,10.6179928523645,1.16688768206355,0,0,10.617992848389,1.16688768216099,-1.74551085720579,0.949198104785005,10
0,0,8.96945318038743,13.1730260693576,0,0,8.96945318039439,13.1730260714415,-1.40205478670308,-1.05638618889869,10
0,0,18.9541424095525,51.7416175861091,0,0,18.954142409531,51.7416175860537,-1.90723852760255,-0.975824953812606,10
0,0,3.54877188590376,7.30456837480586,0,0,3.54877188589815,7.30456837482653,0.0988793470745275,1.70346061092432,10
0,0,5.306108556951,14.2896128292474,0,0,5.30610855697872,14.2896128294265,0.786783608757652,1.56481412628717,10
0,0,5.63777058063372,32.9121576502113,0,0,5.6377705805549,32.9121576496317,-1.46171816542125,-1.60135386869716,10
0,0,20.4761269065184,11.1989049641851,0,0,20.4761269064609,11.1989049641164,-0.674571156150377,1.5191218333112,10
0,0,3.17937788959092,37.4855433945272,0,0,3.17937788961324,37.4855433949551,1.76264557358555,1.08115155310335,10
0,0,8.29588684736125,15.2601394177859,0,0,8.29588684739277,15.2601394178235,1.97023087669056,-0.604166282148819,10
0,0,1.19927607884787,29.5245180098533,0,0,1.19927607885219,29.5245180097987,-1.0335883333846,-1.7526303497866,10
0,0,1.04118254199295,9.64845697022283,0,0,1.04118254198726,9.64845697026854,1.70645175108023,0.977128490001506,10
0,0,2.67720303689395,12.2118382340484,0,0,2.67720303688698,12.2118382340991,-0.165586080928123,1.64751600520607,10
0,0,4.28626450504517,32.9810380483491,0,0,4.28626450500852,32.9810380486436,1.49050873257675,0.763866934305915,10
0,0,120.160871734462,7.04028720609166,0,0,120.160871734913,7.04028720607513,-1.90438789543068,1.12495932311269,10
0,0,3.1102512389231,10.0394264491086,0,0,3.11025123893905,10.0394264491161,-1.51747028677537,1.02724755101455,10
0,0,4.18268775661647,31.4406714147503,0,0,4.18268775656998,31.4406714148616,1.64285381715295,-0.211601974161222,10
0,0,14.1235262638154,44.6957761328537,0,0,14.1235262637606,44.6957761324357,-1.87824293333751,1.12029172745721,10
1,1,11.859410597224,30.4872783290513,1,1,11.8594105971709,30.4872783289468,-1.71464125097117,-1.55667732654828,10
0,0,5.85075500775657,22.8599129987227,0,0,5.85075500772616,22.8599129987973,0.948352238209163,1.90714477439477,10
0,0,51.870215645268,11.4519877763621,0,0,51.8702156452762,11.4519877763886,-0.486495466274323,1.92257412270193,10
0,0,15.5383377394886,12.7477440716338,0,0,15.5383377394657,12.7477440717082,1.31237427818779,1.2310500956881,10
1,1,3.1010879354662,6.05005668159662,1,1,3.10108793546351,6.05005668160057,-1.57249302297343,0.580749702839053,10
0,0,1.82648988200308,17.8250399439777,0,0,1.82648988200488,17.8250399443922,-1.06931561747211,1.65253538074127,10
0,0,9.43831751870282,49.307905537459,0,0,9.4383175186927,49.3079055375453,-0.19568558819783,1.91197926970068,10
0,0,3.65890105745497,30.4807517154441,0,0,3.65890105742104,30.4807517159196,1.69041261231183,0.241739387925882,10
0,0,2.72258165886927,37.872663312197,0,0,2.72258165891135,37.8726633119384,0.979294694727238,1.61945326837784,10
0,0,4.70906817555958,50.5764311011542,0,0,4.70906817557359,50.5764311013272,1.78510370868971,1.28553133806799,10
0,0,11.7434958707765,16.7615472796157,0,0,11.7434958707757,16.7615472797081,0.689476873717146,-1.941907666222,10
0,0,14.9082540278081,21.4062184628074,0,0,14.90825402785,21.4062184627732,1.8939022730788,1.08054343242729,10
0,0,8.44912707337489,29.5357724452688,0,0,8.44912707335281,29.5357724454199,0.374549317635489,1.94567553670984,10
0,0,2.9603420436047,18.6726131868203,0,0,2.96034204361304,18.6726131878977,1.2749799704932,1.41715089441287,10
0,0,11.3373901755701,9.74263234420772,0,0,11.3373901755134,9.74263234422883,-1.24788028566966,1.3983913024255,10
0,0,4.02046327089843,11.0615045975377,0,0,4.02046327086184,11.0615045975274,-0.769381639628594,1.5225233221396,10
0,0,8.78204488784661,75.9495389119723,0,0,8.78204488789669,75.9495389121589,1.58243994085977,-1.60435035877282,10
0,0,0.714739717427254,9.06446711034597,0,0,0.714739717448784,9.06446711035378,-1.58115478570702,-0.668716738926753,10
0,0,5.51008477621594,4.72272915591396,0,0,5.51008477617208,4.72272915610551,0.518200685849328,-1.7140887185974,10
0,0,4.49436028318344,27.3946224839852,0,0,4.49436028318125,27.3946224837736,-1.41728226646626,1.66372391667181,10
0,0,1.28429083269616,30.1577181258493,0,0,1.28429083269082,30.1577181258761,-0.314985165602907,1.7907449842936,10
0,0,3.21390313164147,15.9021467724101,0,0,3.21390313157229,15.9021467731251,1.34187424459014,-1.55193699955922,10
0,0,15.8430239141681,36.118059104927,0,0,15.8430239142344,36.1180591046952,-1.60260994336148,1.57245757545389,10
0,0,1.78549560897212,2.95425673342823,0,0,1.78549561352173,2.95425673340787,1.58146713814825,-0.103333282138089,10
0,0,23.0976584420732,62.5035400616541,0,0,23.0976584419294,62.5035400608372,-1.85890665474615,0.80180435518785,10
0,0,6.87781885813712,40.9355515492459,0,0,6.87781885813568,40.9355515494366,1.01407407481167,-1.87498804115007,10
0,0,35.5945451093061,8.67888889893358,0,0,35.5945451110957,8.67888889828496,1.57658134782486,-0.376307667228551,10
0,0,70.4868498855429,17.2981036642,0,0,70.4868498868315,17.2981036641346,-1.53714379756278,1.68901915293767,10
0,0,73.3977670219424,10.9597038549735,0,0,73.3977670217437,10.9597038550219,-0.554139685485854,-1.91790277278223,10
0,0,14.0914656665206,30.694519754845,0,0,14.0914656665784,30.694519754788,1.55595438753644,-1.7053105296622,10
0,0,29.1497699399918,19.7858582795737,0,0,29.1497699403792,19.7858582796344,-0.683801824452952,1.97067495906032,10
0,0,5.07906938716123,45.8142432864073,0,0,5.07906938716844,45.8142432865599,1.8736528048674,-1.08302655481333,10
0,0,18.3936709126448,5.54041256401144,0,0,18.3936709127617,5.54041256405654,-1.35986615421869,-1.45727846706854,10
0,0,4.10793811335876,75.4771440512182,0,0,4.10793811335279,75.4771440511853,1.5983031154453,1.58256231110953,10
0,0,2.44676173005861,6.45615934089338,0,0,2.44676173009984,6.45615934128041,1.11144026626913,1.5339698998106,10
0,0,1.86239250309149,8.45228207946633,0,0,1.86239250318746,8.45228207946894,-1.46054147441241,-1.19130795358012,10
0,0,2.61311906147459,21.5738735160516,0,0,2.61311906147009,21.5738735160346,-1.40310019723565,1.67655977233811,10
0,0,5.67462088417095,12.7661345287476,0,0,5.67462088422382,12.7661345285316,-1.35519996313261,1.13762237732777,10
0,0,45.2162274725175,2.93010257444261,0,0,45.2162274740295,2.93010257433214,-1.8119473398684,-1.07523885861928,10
1,1,10.7790202453152,22.9674574262759,1,1,10.7790202451781,22.9674574260941,-1.63483284004154,1.42993032386858,10
0,0,3.81312423078597,26.4002190546729,0,0,3.81312423079099,26.4002190547255,0.0334067035535583,1.58460493171524,10
0,0,5.80842096760005,9.71553247605201,0,0,5.80842096760439,9.71553247608781,-1.5254807185057,-1.03263481226977,10
0,0,1.87600802015822,38.3706506795542,0,0,1.87600802014015,38.3706506798602,1.7525392841134,-0.033225906898493,10
0,0,43.8047864287983,19.0536834149059,0,0,43.8047864295751,19.0536834147269,-1.80890714925626,-1.09933873072486,10
0,0,39.5715620986094,12.0701634392542,0,0,39.5715620934053,12.0701634384778,1.56693375021688,-0.453858357201518,10
0,0,5.21128359474626,4.64603483808142,0,0,5.21128359469966,4.64603483812086,0.437546564178497,1.70209717386069,10
0,0,12.4834670585753,13.9803747878643,0,0,12.4834670585308,13.9803747878244,1.47623354522268,0.254618863793023,10
